from,to,conversion_factor
1962,1963,1.0308181545335249
1963,1963,1
1964,1963,1.0337730602635162
1965,1963,1.0411819839229877
1966,1963,1.0531612878174972
1967,1963,1.035369902651399
1968,1963,1.0397861172269183
1969,1963,1.0364231257188623
1970,1963,1.0501980031254567
1971,1963,1.0546429532229757
1972,1963,1.0587529859015727
1973,1963,1.0916848035810458
1974,1963,1.154043911129286
1975,1963,1.124720336828216
1976,1963,1.0969145386326704
1977,1963,1.1035383186462282
1978,1963,1.0862361818879926
1979,1963,1.101042240936484
1980,1963,1.1373631275845262
1981,1963,1.1284491271429455
1982,1963,1.1037922131698876
1983,1963,1.0937208721296852
1984,1963,1.0903986972855368
1985,1963,1.0867647174527224
1986,1963,1.0649634433157162
1987,1963,1.0697721238464266
1988,1963,1.099683825125001
1989,1963,1.146370358673259
1990,1963,1.2328597005478954
1991,1963,1.1103742379883184
1992,1963,1.1096042804578876
1993,1963,1.2079032999295152
1994,1963,1.2389418272963342
1995,1963,1.0915131196761574
1996,1963,1.0650805277611939
1997,1963,1.0472283034294643
1998,1963,1.043937957390063
1999,1963,1.0341815277985629
2000,1963,1.0368453746401993
2001,1963,1.0379265443088241
2002,1963,1.0295377225964293
2003,1963,1.0310040888613647
2004,1963,1.0317398714758126
2005,1963,1.03634617017485
2006,1963,1.037798037663388
2007,1963,1.0407167690394892
2008,1963,1.0694505280081967
2009,1963,1.0232687670545302
2010,1963,1.0299212821626715
2011,1963,1.0449698305485993
2012,1963,1.0348341045519274
2013,1963,1.027433551887506
2014,1963,1.0228164387639684
2015,1963,1.015080896769836
2016,1963,1.0156897575492994
2017,1963,1.0241149869140294
1962,1964,1.0337730602635162
1963,1964,1.0337730602635162
1964,1964,1
1965,1964,1.0411819839229877
1966,1964,1.0531612878174972
1967,1964,1.035369902651399
1968,1964,1.0397861172269183
1969,1964,1.0364231257188623
1970,1964,1.0501980031254567
1971,1964,1.0546429532229757
1972,1964,1.0587529859015727
1973,1964,1.0916848035810458
1974,1964,1.154043911129286
1975,1964,1.124720336828216
1976,1964,1.0969145386326704
1977,1964,1.1035383186462282
1978,1964,1.0862361818879926
1979,1964,1.101042240936484
1980,1964,1.1373631275845262
1981,1964,1.1284491271429455
1982,1964,1.1037922131698876
1983,1964,1.0937208721296852
1984,1964,1.0903986972855368
1985,1964,1.0867647174527224
1986,1964,1.0649634433157162
1987,1964,1.0697721238464266
1988,1964,1.099683825125001
1989,1964,1.146370358673259
1990,1964,1.2328597005478954
1991,1964,1.1103742379883184
1992,1964,1.1096042804578876
1993,1964,1.2079032999295152
1994,1964,1.2389418272963342
1995,1964,1.0915131196761574
1996,1964,1.0650805277611939
1997,1964,1.0472283034294643
1998,1964,1.043937957390063
1999,1964,1.0341815277985629
2000,1964,1.0368453746401993
2001,1964,1.0379265443088241
2002,1964,1.0295377225964293
2003,1964,1.0310040888613647
2004,1964,1.0317398714758126
2005,1964,1.03634617017485
2006,1964,1.037798037663388
2007,1964,1.0407167690394892
2008,1964,1.0694505280081967
2009,1964,1.0232687670545302
2010,1964,1.0299212821626715
2011,1964,1.0449698305485993
2012,1964,1.0348341045519274
2013,1964,1.027433551887506
2014,1964,1.0228164387639684
2015,1964,1.015080896769836
2016,1964,1.0156897575492994
2017,1964,1.0241149869140294
1962,1965,1.0411819839229877
1963,1965,1.0411819839229877
1964,1965,1.0411819839229877
1965,1965,1
1966,1965,1.0531612878174972
1967,1965,1.035369902651399
1968,1965,1.0397861172269183
1969,1965,1.0364231257188623
1970,1965,1.0501980031254567
1971,1965,1.0546429532229757
1972,1965,1.0587529859015727
1973,1965,1.0916848035810458
1974,1965,1.154043911129286
1975,1965,1.124720336828216
1976,1965,1.0969145386326704
1977,1965,1.1035383186462282
1978,1965,1.0862361818879926
1979,1965,1.101042240936484
1980,1965,1.1373631275845262
1981,1965,1.1284491271429455
1982,1965,1.1037922131698876
1983,1965,1.0937208721296852
1984,1965,1.0903986972855368
1985,1965,1.0867647174527224
1986,1965,1.0649634433157162
1987,1965,1.0697721238464266
1988,1965,1.099683825125001
1989,1965,1.146370358673259
1990,1965,1.2328597005478954
1991,1965,1.1103742379883184
1992,1965,1.1096042804578876
1993,1965,1.2079032999295152
1994,1965,1.2389418272963342
1995,1965,1.0915131196761574
1996,1965,1.0650805277611939
1997,1965,1.0472283034294643
1998,1965,1.043937957390063
1999,1965,1.0341815277985629
2000,1965,1.0368453746401993
2001,1965,1.0379265443088241
2002,1965,1.0295377225964293
2003,1965,1.0310040888613647
2004,1965,1.0317398714758126
2005,1965,1.03634617017485
2006,1965,1.037798037663388
2007,1965,1.0407167690394892
2008,1965,1.0694505280081967
2009,1965,1.0232687670545302
2010,1965,1.0299212821626715
2011,1965,1.0449698305485993
2012,1965,1.0348341045519274
2013,1965,1.027433551887506
2014,1965,1.0228164387639684
2015,1965,1.015080896769836
2016,1965,1.0156897575492994
2017,1965,1.0241149869140294
1962,1966,1.0531612878174972
1963,1966,1.0531612878174972
1964,1966,1.0531612878174972
1965,1966,1.0531612878174972
1966,1966,1
1967,1966,1.035369902651399
1968,1966,1.0397861172269183
1969,1966,1.0364231257188623
1970,1966,1.0501980031254567
1971,1966,1.0546429532229757
1972,1966,1.0587529859015727
1973,1966,1.0916848035810458
1974,1966,1.154043911129286
1975,1966,1.124720336828216
1976,1966,1.0969145386326704
1977,1966,1.1035383186462282
1978,1966,1.0862361818879926
1979,1966,1.101042240936484
1980,1966,1.1373631275845262
1981,1966,1.1284491271429455
1982,1966,1.1037922131698876
1983,1966,1.0937208721296852
1984,1966,1.0903986972855368
1985,1966,1.0867647174527224
1986,1966,1.0649634433157162
1987,1966,1.0697721238464266
1988,1966,1.099683825125001
1989,1966,1.146370358673259
1990,1966,1.2328597005478954
1991,1966,1.1103742379883184
1992,1966,1.1096042804578876
1993,1966,1.2079032999295152
1994,1966,1.2389418272963342
1995,1966,1.0915131196761574
1996,1966,1.0650805277611939
1997,1966,1.0472283034294643
1998,1966,1.043937957390063
1999,1966,1.0341815277985629
2000,1966,1.0368453746401993
2001,1966,1.0379265443088241
2002,1966,1.0295377225964293
2003,1966,1.0310040888613647
2004,1966,1.0317398714758126
2005,1966,1.03634617017485
2006,1966,1.037798037663388
2007,1966,1.0407167690394892
2008,1966,1.0694505280081967
2009,1966,1.0232687670545302
2010,1966,1.0299212821626715
2011,1966,1.0449698305485993
2012,1966,1.0348341045519274
2013,1966,1.027433551887506
2014,1966,1.0228164387639684
2015,1966,1.015080896769836
2016,1966,1.0156897575492994
2017,1966,1.0241149869140294
1962,1967,1.035369902651399
1963,1967,1.035369902651399
1964,1967,1.035369902651399
1965,1967,1.035369902651399
1966,1967,1.035369902651399
1967,1967,1
1968,1967,1.0397861172269183
1969,1967,1.0364231257188623
1970,1967,1.0501980031254567
1971,1967,1.0546429532229757
1972,1967,1.0587529859015727
1973,1967,1.0916848035810458
1974,1967,1.154043911129286
1975,1967,1.124720336828216
1976,1967,1.0969145386326704
1977,1967,1.1035383186462282
1978,1967,1.0862361818879926
1979,1967,1.101042240936484
1980,1967,1.1373631275845262
1981,1967,1.1284491271429455
1982,1967,1.1037922131698876
1983,1967,1.0937208721296852
1984,1967,1.0903986972855368
1985,1967,1.0867647174527224
1986,1967,1.0649634433157162
1987,1967,1.0697721238464266
1988,1967,1.099683825125001
1989,1967,1.146370358673259
1990,1967,1.2328597005478954
1991,1967,1.1103742379883184
1992,1967,1.1096042804578876
1993,1967,1.2079032999295152
1994,1967,1.2389418272963342
1995,1967,1.0915131196761574
1996,1967,1.0650805277611939
1997,1967,1.0472283034294643
1998,1967,1.043937957390063
1999,1967,1.0341815277985629
2000,1967,1.0368453746401993
2001,1967,1.0379265443088241
2002,1967,1.0295377225964293
2003,1967,1.0310040888613647
2004,1967,1.0317398714758126
2005,1967,1.03634617017485
2006,1967,1.037798037663388
2007,1967,1.0407167690394892
2008,1967,1.0694505280081967
2009,1967,1.0232687670545302
2010,1967,1.0299212821626715
2011,1967,1.0449698305485993
2012,1967,1.0348341045519274
2013,1967,1.027433551887506
2014,1967,1.0228164387639684
2015,1967,1.015080896769836
2016,1967,1.0156897575492994
2017,1967,1.0241149869140294
1962,1968,1.0397861172269183
1963,1968,1.0397861172269183
1964,1968,1.0397861172269183
1965,1968,1.0397861172269183
1966,1968,1.0397861172269183
1967,1968,1.0397861172269183
1968,1968,1
1969,1968,1.0364231257188623
1970,1968,1.0501980031254567
1971,1968,1.0546429532229757
1972,1968,1.0587529859015727
1973,1968,1.0916848035810458
1974,1968,1.154043911129286
1975,1968,1.124720336828216
1976,1968,1.0969145386326704
1977,1968,1.1035383186462282
1978,1968,1.0862361818879926
1979,1968,1.101042240936484
1980,1968,1.1373631275845262
1981,1968,1.1284491271429455
1982,1968,1.1037922131698876
1983,1968,1.0937208721296852
1984,1968,1.0903986972855368
1985,1968,1.0867647174527224
1986,1968,1.0649634433157162
1987,1968,1.0697721238464266
1988,1968,1.099683825125001
1989,1968,1.146370358673259
1990,1968,1.2328597005478954
1991,1968,1.1103742379883184
1992,1968,1.1096042804578876
1993,1968,1.2079032999295152
1994,1968,1.2389418272963342
1995,1968,1.0915131196761574
1996,1968,1.0650805277611939
1997,1968,1.0472283034294643
1998,1968,1.043937957390063
1999,1968,1.0341815277985629
2000,1968,1.0368453746401993
2001,1968,1.0379265443088241
2002,1968,1.0295377225964293
2003,1968,1.0310040888613647
2004,1968,1.0317398714758126
2005,1968,1.03634617017485
2006,1968,1.037798037663388
2007,1968,1.0407167690394892
2008,1968,1.0694505280081967
2009,1968,1.0232687670545302
2010,1968,1.0299212821626715
2011,1968,1.0449698305485993
2012,1968,1.0348341045519274
2013,1968,1.027433551887506
2014,1968,1.0228164387639684
2015,1968,1.015080896769836
2016,1968,1.0156897575492994
2017,1968,1.0241149869140294
1962,1969,1.0364231257188623
1963,1969,1.0364231257188623
1964,1969,1.0364231257188623
1965,1969,1.0364231257188623
1966,1969,1.0364231257188623
1967,1969,1.0364231257188623
1968,1969,1.0364231257188623
1969,1969,1
1970,1969,1.0501980031254567
1971,1969,1.0546429532229757
1972,1969,1.0587529859015727
1973,1969,1.0916848035810458
1974,1969,1.154043911129286
1975,1969,1.124720336828216
1976,1969,1.0969145386326704
1977,1969,1.1035383186462282
1978,1969,1.0862361818879926
1979,1969,1.101042240936484
1980,1969,1.1373631275845262
1981,1969,1.1284491271429455
1982,1969,1.1037922131698876
1983,1969,1.0937208721296852
1984,1969,1.0903986972855368
1985,1969,1.0867647174527224
1986,1969,1.0649634433157162
1987,1969,1.0697721238464266
1988,1969,1.099683825125001
1989,1969,1.146370358673259
1990,1969,1.2328597005478954
1991,1969,1.1103742379883184
1992,1969,1.1096042804578876
1993,1969,1.2079032999295152
1994,1969,1.2389418272963342
1995,1969,1.0915131196761574
1996,1969,1.0650805277611939
1997,1969,1.0472283034294643
1998,1969,1.043937957390063
1999,1969,1.0341815277985629
2000,1969,1.0368453746401993
2001,1969,1.0379265443088241
2002,1969,1.0295377225964293
2003,1969,1.0310040888613647
2004,1969,1.0317398714758126
2005,1969,1.03634617017485
2006,1969,1.037798037663388
2007,1969,1.0407167690394892
2008,1969,1.0694505280081967
2009,1969,1.0232687670545302
2010,1969,1.0299212821626715
2011,1969,1.0449698305485993
2012,1969,1.0348341045519274
2013,1969,1.027433551887506
2014,1969,1.0228164387639684
2015,1969,1.015080896769836
2016,1969,1.0156897575492994
2017,1969,1.0241149869140294
1962,1970,1.0501980031254567
1963,1970,1.0501980031254567
1964,1970,1.0501980031254567
1965,1970,1.0501980031254567
1966,1970,1.0501980031254567
1967,1970,1.0501980031254567
1968,1970,1.0501980031254567
1969,1970,1.0501980031254567
1970,1970,1
1971,1970,1.0546429532229757
1972,1970,1.0587529859015727
1973,1970,1.0916848035810458
1974,1970,1.154043911129286
1975,1970,1.124720336828216
1976,1970,1.0969145386326704
1977,1970,1.1035383186462282
1978,1970,1.0862361818879926
1979,1970,1.101042240936484
1980,1970,1.1373631275845262
1981,1970,1.1284491271429455
1982,1970,1.1037922131698876
1983,1970,1.0937208721296852
1984,1970,1.0903986972855368
1985,1970,1.0867647174527224
1986,1970,1.0649634433157162
1987,1970,1.0697721238464266
1988,1970,1.099683825125001
1989,1970,1.146370358673259
1990,1970,1.2328597005478954
1991,1970,1.1103742379883184
1992,1970,1.1096042804578876
1993,1970,1.2079032999295152
1994,1970,1.2389418272963342
1995,1970,1.0915131196761574
1996,1970,1.0650805277611939
1997,1970,1.0472283034294643
1998,1970,1.043937957390063
1999,1970,1.0341815277985629
2000,1970,1.0368453746401993
2001,1970,1.0379265443088241
2002,1970,1.0295377225964293
2003,1970,1.0310040888613647
2004,1970,1.0317398714758126
2005,1970,1.03634617017485
2006,1970,1.037798037663388
2007,1970,1.0407167690394892
2008,1970,1.0694505280081967
2009,1970,1.0232687670545302
2010,1970,1.0299212821626715
2011,1970,1.0449698305485993
2012,1970,1.0348341045519274
2013,1970,1.027433551887506
2014,1970,1.0228164387639684
2015,1970,1.015080896769836
2016,1970,1.0156897575492994
2017,1970,1.0241149869140294
1962,1971,1.0546429532229757
1963,1971,1.0546429532229757
1964,1971,1.0546429532229757
1965,1971,1.0546429532229757
1966,1971,1.0546429532229757
1967,1971,1.0546429532229757
1968,1971,1.0546429532229757
1969,1971,1.0546429532229757
1970,1971,1.0546429532229757
1971,1971,1
1972,1971,1.0587529859015727
1973,1971,1.0916848035810458
1974,1971,1.154043911129286
1975,1971,1.124720336828216
1976,1971,1.0969145386326704
1977,1971,1.1035383186462282
1978,1971,1.0862361818879926
1979,1971,1.101042240936484
1980,1971,1.1373631275845262
1981,1971,1.1284491271429455
1982,1971,1.1037922131698876
1983,1971,1.0937208721296852
1984,1971,1.0903986972855368
1985,1971,1.0867647174527224
1986,1971,1.0649634433157162
1987,1971,1.0697721238464266
1988,1971,1.099683825125001
1989,1971,1.146370358673259
1990,1971,1.2328597005478954
1991,1971,1.1103742379883184
1992,1971,1.1096042804578876
1993,1971,1.2079032999295152
1994,1971,1.2389418272963342
1995,1971,1.0915131196761574
1996,1971,1.0650805277611939
1997,1971,1.0472283034294643
1998,1971,1.043937957390063
1999,1971,1.0341815277985629
2000,1971,1.0368453746401993
2001,1971,1.0379265443088241
2002,1971,1.0295377225964293
2003,1971,1.0310040888613647
2004,1971,1.0317398714758126
2005,1971,1.03634617017485
2006,1971,1.037798037663388
2007,1971,1.0407167690394892
2008,1971,1.0694505280081967
2009,1971,1.0232687670545302
2010,1971,1.0299212821626715
2011,1971,1.0449698305485993
2012,1971,1.0348341045519274
2013,1971,1.027433551887506
2014,1971,1.0228164387639684
2015,1971,1.015080896769836
2016,1971,1.0156897575492994
2017,1971,1.0241149869140294
1962,1972,1.0587529859015727
1963,1972,1.0587529859015727
1964,1972,1.0587529859015727
1965,1972,1.0587529859015727
1966,1972,1.0587529859015727
1967,1972,1.0587529859015727
1968,1972,1.0587529859015727
1969,1972,1.0587529859015727
1970,1972,1.0587529859015727
1971,1972,1.0587529859015727
1972,1972,1
1973,1972,1.0916848035810458
1974,1972,1.154043911129286
1975,1972,1.124720336828216
1976,1972,1.0969145386326704
1977,1972,1.1035383186462282
1978,1972,1.0862361818879926
1979,1972,1.101042240936484
1980,1972,1.1373631275845262
1981,1972,1.1284491271429455
1982,1972,1.1037922131698876
1983,1972,1.0937208721296852
1984,1972,1.0903986972855368
1985,1972,1.0867647174527224
1986,1972,1.0649634433157162
1987,1972,1.0697721238464266
1988,1972,1.099683825125001
1989,1972,1.146370358673259
1990,1972,1.2328597005478954
1991,1972,1.1103742379883184
1992,1972,1.1096042804578876
1993,1972,1.2079032999295152
1994,1972,1.2389418272963342
1995,1972,1.0915131196761574
1996,1972,1.0650805277611939
1997,1972,1.0472283034294643
1998,1972,1.043937957390063
1999,1972,1.0341815277985629
2000,1972,1.0368453746401993
2001,1972,1.0379265443088241
2002,1972,1.0295377225964293
2003,1972,1.0310040888613647
2004,1972,1.0317398714758126
2005,1972,1.03634617017485
2006,1972,1.037798037663388
2007,1972,1.0407167690394892
2008,1972,1.0694505280081967
2009,1972,1.0232687670545302
2010,1972,1.0299212821626715
2011,1972,1.0449698305485993
2012,1972,1.0348341045519274
2013,1972,1.027433551887506
2014,1972,1.0228164387639684
2015,1972,1.015080896769836
2016,1972,1.0156897575492994
2017,1972,1.0241149869140294
1962,1973,1.0916848035810458
1963,1973,1.0916848035810458
1964,1973,1.0916848035810458
1965,1973,1.0916848035810458
1966,1973,1.0916848035810458
1967,1973,1.0916848035810458
1968,1973,1.0916848035810458
1969,1973,1.0916848035810458
1970,1973,1.0916848035810458
1971,1973,1.0916848035810458
1972,1973,1.0916848035810458
1973,1973,1
1974,1973,1.154043911129286
1975,1973,1.124720336828216
1976,1973,1.0969145386326704
1977,1973,1.1035383186462282
1978,1973,1.0862361818879926
1979,1973,1.101042240936484
1980,1973,1.1373631275845262
1981,1973,1.1284491271429455
1982,1973,1.1037922131698876
1983,1973,1.0937208721296852
1984,1973,1.0903986972855368
1985,1973,1.0867647174527224
1986,1973,1.0649634433157162
1987,1973,1.0697721238464266
1988,1973,1.099683825125001
1989,1973,1.146370358673259
1990,1973,1.2328597005478954
1991,1973,1.1103742379883184
1992,1973,1.1096042804578876
1993,1973,1.2079032999295152
1994,1973,1.2389418272963342
1995,1973,1.0915131196761574
1996,1973,1.0650805277611939
1997,1973,1.0472283034294643
1998,1973,1.043937957390063
1999,1973,1.0341815277985629
2000,1973,1.0368453746401993
2001,1973,1.0379265443088241
2002,1973,1.0295377225964293
2003,1973,1.0310040888613647
2004,1973,1.0317398714758126
2005,1973,1.03634617017485
2006,1973,1.037798037663388
2007,1973,1.0407167690394892
2008,1973,1.0694505280081967
2009,1973,1.0232687670545302
2010,1973,1.0299212821626715
2011,1973,1.0449698305485993
2012,1973,1.0348341045519274
2013,1973,1.027433551887506
2014,1973,1.0228164387639684
2015,1973,1.015080896769836
2016,1973,1.0156897575492994
2017,1973,1.0241149869140294
1962,1974,1.154043911129286
1963,1974,1.154043911129286
1964,1974,1.154043911129286
1965,1974,1.154043911129286
1966,1974,1.154043911129286
1967,1974,1.154043911129286
1968,1974,1.154043911129286
1969,1974,1.154043911129286
1970,1974,1.154043911129286
1971,1974,1.154043911129286
1972,1974,1.154043911129286
1973,1974,1.154043911129286
1974,1974,1
1975,1974,1.124720336828216
1976,1974,1.0969145386326704
1977,1974,1.1035383186462282
1978,1974,1.0862361818879926
1979,1974,1.101042240936484
1980,1974,1.1373631275845262
1981,1974,1.1284491271429455
1982,1974,1.1037922131698876
1983,1974,1.0937208721296852
1984,1974,1.0903986972855368
1985,1974,1.0867647174527224
1986,1974,1.0649634433157162
1987,1974,1.0697721238464266
1988,1974,1.099683825125001
1989,1974,1.146370358673259
1990,1974,1.2328597005478954
1991,1974,1.1103742379883184
1992,1974,1.1096042804578876
1993,1974,1.2079032999295152
1994,1974,1.2389418272963342
1995,1974,1.0915131196761574
1996,1974,1.0650805277611939
1997,1974,1.0472283034294643
1998,1974,1.043937957390063
1999,1974,1.0341815277985629
2000,1974,1.0368453746401993
2001,1974,1.0379265443088241
2002,1974,1.0295377225964293
2003,1974,1.0310040888613647
2004,1974,1.0317398714758126
2005,1974,1.03634617017485
2006,1974,1.037798037663388
2007,1974,1.0407167690394892
2008,1974,1.0694505280081967
2009,1974,1.0232687670545302
2010,1974,1.0299212821626715
2011,1974,1.0449698305485993
2012,1974,1.0348341045519274
2013,1974,1.027433551887506
2014,1974,1.0228164387639684
2015,1974,1.015080896769836
2016,1974,1.0156897575492994
2017,1974,1.0241149869140294
1962,1975,1.124720336828216
1963,1975,1.124720336828216
1964,1975,1.124720336828216
1965,1975,1.124720336828216
1966,1975,1.124720336828216
1967,1975,1.124720336828216
1968,1975,1.124720336828216
1969,1975,1.124720336828216
1970,1975,1.124720336828216
1971,1975,1.124720336828216
1972,1975,1.124720336828216
1973,1975,1.124720336828216
1974,1975,1.124720336828216
1975,1975,1
1976,1975,1.0969145386326704
1977,1975,1.1035383186462282
1978,1975,1.0862361818879926
1979,1975,1.101042240936484
1980,1975,1.1373631275845262
1981,1975,1.1284491271429455
1982,1975,1.1037922131698876
1983,1975,1.0937208721296852
1984,1975,1.0903986972855368
1985,1975,1.0867647174527224
1986,1975,1.0649634433157162
1987,1975,1.0697721238464266
1988,1975,1.099683825125001
1989,1975,1.146370358673259
1990,1975,1.2328597005478954
1991,1975,1.1103742379883184
1992,1975,1.1096042804578876
1993,1975,1.2079032999295152
1994,1975,1.2389418272963342
1995,1975,1.0915131196761574
1996,1975,1.0650805277611939
1997,1975,1.0472283034294643
1998,1975,1.043937957390063
1999,1975,1.0341815277985629
2000,1975,1.0368453746401993
2001,1975,1.0379265443088241
2002,1975,1.0295377225964293
2003,1975,1.0310040888613647
2004,1975,1.0317398714758126
2005,1975,1.03634617017485
2006,1975,1.037798037663388
2007,1975,1.0407167690394892
2008,1975,1.0694505280081967
2009,1975,1.0232687670545302
2010,1975,1.0299212821626715
2011,1975,1.0449698305485993
2012,1975,1.0348341045519274
2013,1975,1.027433551887506
2014,1975,1.0228164387639684
2015,1975,1.015080896769836
2016,1975,1.0156897575492994
2017,1975,1.0241149869140294
1962,1976,1.0969145386326704
1963,1976,1.0969145386326704
1964,1976,1.0969145386326704
1965,1976,1.0969145386326704
1966,1976,1.0969145386326704
1967,1976,1.0969145386326704
1968,1976,1.0969145386326704
1969,1976,1.0969145386326704
1970,1976,1.0969145386326704
1971,1976,1.0969145386326704
1972,1976,1.0969145386326704
1973,1976,1.0969145386326704
1974,1976,1.0969145386326704
1975,1976,1.0969145386326704
1976,1976,1
1977,1976,1.1035383186462282
1978,1976,1.0862361818879926
1979,1976,1.101042240936484
1980,1976,1.1373631275845262
1981,1976,1.1284491271429455
1982,1976,1.1037922131698876
1983,1976,1.0937208721296852
1984,1976,1.0903986972855368
1985,1976,1.0867647174527224
1986,1976,1.0649634433157162
1987,1976,1.0697721238464266
1988,1976,1.099683825125001
1989,1976,1.146370358673259
1990,1976,1.2328597005478954
1991,1976,1.1103742379883184
1992,1976,1.1096042804578876
1993,1976,1.2079032999295152
1994,1976,1.2389418272963342
1995,1976,1.0915131196761574
1996,1976,1.0650805277611939
1997,1976,1.0472283034294643
1998,1976,1.043937957390063
1999,1976,1.0341815277985629
2000,1976,1.0368453746401993
2001,1976,1.0379265443088241
2002,1976,1.0295377225964293
2003,1976,1.0310040888613647
2004,1976,1.0317398714758126
2005,1976,1.03634617017485
2006,1976,1.037798037663388
2007,1976,1.0407167690394892
2008,1976,1.0694505280081967
2009,1976,1.0232687670545302
2010,1976,1.0299212821626715
2011,1976,1.0449698305485993
2012,1976,1.0348341045519274
2013,1976,1.027433551887506
2014,1976,1.0228164387639684
2015,1976,1.015080896769836
2016,1976,1.0156897575492994
2017,1976,1.0241149869140294
1962,1977,1.1035383186462282
1963,1977,1.1035383186462282
1964,1977,1.1035383186462282
1965,1977,1.1035383186462282
1966,1977,1.1035383186462282
1967,1977,1.1035383186462282
1968,1977,1.1035383186462282
1969,1977,1.1035383186462282
1970,1977,1.1035383186462282
1971,1977,1.1035383186462282
1972,1977,1.1035383186462282
1973,1977,1.1035383186462282
1974,1977,1.1035383186462282
1975,1977,1.1035383186462282
1976,1977,1.1035383186462282
1977,1977,1
1978,1977,1.0862361818879926
1979,1977,1.101042240936484
1980,1977,1.1373631275845262
1981,1977,1.1284491271429455
1982,1977,1.1037922131698876
1983,1977,1.0937208721296852
1984,1977,1.0903986972855368
1985,1977,1.0867647174527224
1986,1977,1.0649634433157162
1987,1977,1.0697721238464266
1988,1977,1.099683825125001
1989,1977,1.146370358673259
1990,1977,1.2328597005478954
1991,1977,1.1103742379883184
1992,1977,1.1096042804578876
1993,1977,1.2079032999295152
1994,1977,1.2389418272963342
1995,1977,1.0915131196761574
1996,1977,1.0650805277611939
1997,1977,1.0472283034294643
1998,1977,1.043937957390063
1999,1977,1.0341815277985629
2000,1977,1.0368453746401993
2001,1977,1.0379265443088241
2002,1977,1.0295377225964293
2003,1977,1.0310040888613647
2004,1977,1.0317398714758126
2005,1977,1.03634617017485
2006,1977,1.037798037663388
2007,1977,1.0407167690394892
2008,1977,1.0694505280081967
2009,1977,1.0232687670545302
2010,1977,1.0299212821626715
2011,1977,1.0449698305485993
2012,1977,1.0348341045519274
2013,1977,1.027433551887506
2014,1977,1.0228164387639684
2015,1977,1.015080896769836
2016,1977,1.0156897575492994
2017,1977,1.0241149869140294
1962,1978,1.0862361818879926
1963,1978,1.0862361818879926
1964,1978,1.0862361818879926
1965,1978,1.0862361818879926
1966,1978,1.0862361818879926
1967,1978,1.0862361818879926
1968,1978,1.0862361818879926
1969,1978,1.0862361818879926
1970,1978,1.0862361818879926
1971,1978,1.0862361818879926
1972,1978,1.0862361818879926
1973,1978,1.0862361818879926
1974,1978,1.0862361818879926
1975,1978,1.0862361818879926
1976,1978,1.0862361818879926
1977,1978,1.0862361818879926
1978,1978,1
1979,1978,1.101042240936484
1980,1978,1.1373631275845262
1981,1978,1.1284491271429455
1982,1978,1.1037922131698876
1983,1978,1.0937208721296852
1984,1978,1.0903986972855368
1985,1978,1.0867647174527224
1986,1978,1.0649634433157162
1987,1978,1.0697721238464266
1988,1978,1.099683825125001
1989,1978,1.146370358673259
1990,1978,1.2328597005478954
1991,1978,1.1103742379883184
1992,1978,1.1096042804578876
1993,1978,1.2079032999295152
1994,1978,1.2389418272963342
1995,1978,1.0915131196761574
1996,1978,1.0650805277611939
1997,1978,1.0472283034294643
1998,1978,1.043937957390063
1999,1978,1.0341815277985629
2000,1978,1.0368453746401993
2001,1978,1.0379265443088241
2002,1978,1.0295377225964293
2003,1978,1.0310040888613647
2004,1978,1.0317398714758126
2005,1978,1.03634617017485
2006,1978,1.037798037663388
2007,1978,1.0407167690394892
2008,1978,1.0694505280081967
2009,1978,1.0232687670545302
2010,1978,1.0299212821626715
2011,1978,1.0449698305485993
2012,1978,1.0348341045519274
2013,1978,1.027433551887506
2014,1978,1.0228164387639684
2015,1978,1.015080896769836
2016,1978,1.0156897575492994
2017,1978,1.0241149869140294
1962,1979,1.101042240936484
1963,1979,1.101042240936484
1964,1979,1.101042240936484
1965,1979,1.101042240936484
1966,1979,1.101042240936484
1967,1979,1.101042240936484
1968,1979,1.101042240936484
1969,1979,1.101042240936484
1970,1979,1.101042240936484
1971,1979,1.101042240936484
1972,1979,1.101042240936484
1973,1979,1.101042240936484
1974,1979,1.101042240936484
1975,1979,1.101042240936484
1976,1979,1.101042240936484
1977,1979,1.101042240936484
1978,1979,1.101042240936484
1979,1979,1
1980,1979,1.1373631275845262
1981,1979,1.1284491271429455
1982,1979,1.1037922131698876
1983,1979,1.0937208721296852
1984,1979,1.0903986972855368
1985,1979,1.0867647174527224
1986,1979,1.0649634433157162
1987,1979,1.0697721238464266
1988,1979,1.099683825125001
1989,1979,1.146370358673259
1990,1979,1.2328597005478954
1991,1979,1.1103742379883184
1992,1979,1.1096042804578876
1993,1979,1.2079032999295152
1994,1979,1.2389418272963342
1995,1979,1.0915131196761574
1996,1979,1.0650805277611939
1997,1979,1.0472283034294643
1998,1979,1.043937957390063
1999,1979,1.0341815277985629
2000,1979,1.0368453746401993
2001,1979,1.0379265443088241
2002,1979,1.0295377225964293
2003,1979,1.0310040888613647
2004,1979,1.0317398714758126
2005,1979,1.03634617017485
2006,1979,1.037798037663388
2007,1979,1.0407167690394892
2008,1979,1.0694505280081967
2009,1979,1.0232687670545302
2010,1979,1.0299212821626715
2011,1979,1.0449698305485993
2012,1979,1.0348341045519274
2013,1979,1.027433551887506
2014,1979,1.0228164387639684
2015,1979,1.015080896769836
2016,1979,1.0156897575492994
2017,1979,1.0241149869140294
1962,1980,1.1373631275845262
1963,1980,1.1373631275845262
1964,1980,1.1373631275845262
1965,1980,1.1373631275845262
1966,1980,1.1373631275845262
1967,1980,1.1373631275845262
1968,1980,1.1373631275845262
1969,1980,1.1373631275845262
1970,1980,1.1373631275845262
1971,1980,1.1373631275845262
1972,1980,1.1373631275845262
1973,1980,1.1373631275845262
1974,1980,1.1373631275845262
1975,1980,1.1373631275845262
1976,1980,1.1373631275845262
1977,1980,1.1373631275845262
1978,1980,1.1373631275845262
1979,1980,1.1373631275845262
1980,1980,1
1981,1980,1.1284491271429455
1982,1980,1.1037922131698876
1983,1980,1.0937208721296852
1984,1980,1.0903986972855368
1985,1980,1.0867647174527224
1986,1980,1.0649634433157162
1987,1980,1.0697721238464266
1988,1980,1.099683825125001
1989,1980,1.146370358673259
1990,1980,1.2328597005478954
1991,1980,1.1103742379883184
1992,1980,1.1096042804578876
1993,1980,1.2079032999295152
1994,1980,1.2389418272963342
1995,1980,1.0915131196761574
1996,1980,1.0650805277611939
1997,1980,1.0472283034294643
1998,1980,1.043937957390063
1999,1980,1.0341815277985629
2000,1980,1.0368453746401993
2001,1980,1.0379265443088241
2002,1980,1.0295377225964293
2003,1980,1.0310040888613647
2004,1980,1.0317398714758126
2005,1980,1.03634617017485
2006,1980,1.037798037663388
2007,1980,1.0407167690394892
2008,1980,1.0694505280081967
2009,1980,1.0232687670545302
2010,1980,1.0299212821626715
2011,1980,1.0449698305485993
2012,1980,1.0348341045519274
2013,1980,1.027433551887506
2014,1980,1.0228164387639684
2015,1980,1.015080896769836
2016,1980,1.0156897575492994
2017,1980,1.0241149869140294
1962,1981,1.1284491271429455
1963,1981,1.1284491271429455
1964,1981,1.1284491271429455
1965,1981,1.1284491271429455
1966,1981,1.1284491271429455
1967,1981,1.1284491271429455
1968,1981,1.1284491271429455
1969,1981,1.1284491271429455
1970,1981,1.1284491271429455
1971,1981,1.1284491271429455
1972,1981,1.1284491271429455
1973,1981,1.1284491271429455
1974,1981,1.1284491271429455
1975,1981,1.1284491271429455
1976,1981,1.1284491271429455
1977,1981,1.1284491271429455
1978,1981,1.1284491271429455
1979,1981,1.1284491271429455
1980,1981,1.1284491271429455
1981,1981,1
1982,1981,1.1037922131698876
1983,1981,1.0937208721296852
1984,1981,1.0903986972855368
1985,1981,1.0867647174527224
1986,1981,1.0649634433157162
1987,1981,1.0697721238464266
1988,1981,1.099683825125001
1989,1981,1.146370358673259
1990,1981,1.2328597005478954
1991,1981,1.1103742379883184
1992,1981,1.1096042804578876
1993,1981,1.2079032999295152
1994,1981,1.2389418272963342
1995,1981,1.0915131196761574
1996,1981,1.0650805277611939
1997,1981,1.0472283034294643
1998,1981,1.043937957390063
1999,1981,1.0341815277985629
2000,1981,1.0368453746401993
2001,1981,1.0379265443088241
2002,1981,1.0295377225964293
2003,1981,1.0310040888613647
2004,1981,1.0317398714758126
2005,1981,1.03634617017485
2006,1981,1.037798037663388
2007,1981,1.0407167690394892
2008,1981,1.0694505280081967
2009,1981,1.0232687670545302
2010,1981,1.0299212821626715
2011,1981,1.0449698305485993
2012,1981,1.0348341045519274
2013,1981,1.027433551887506
2014,1981,1.0228164387639684
2015,1981,1.015080896769836
2016,1981,1.0156897575492994
2017,1981,1.0241149869140294
1962,1982,1.1037922131698876
1963,1982,1.1037922131698876
1964,1982,1.1037922131698876
1965,1982,1.1037922131698876
1966,1982,1.1037922131698876
1967,1982,1.1037922131698876
1968,1982,1.1037922131698876
1969,1982,1.1037922131698876
1970,1982,1.1037922131698876
1971,1982,1.1037922131698876
1972,1982,1.1037922131698876
1973,1982,1.1037922131698876
1974,1982,1.1037922131698876
1975,1982,1.1037922131698876
1976,1982,1.1037922131698876
1977,1982,1.1037922131698876
1978,1982,1.1037922131698876
1979,1982,1.1037922131698876
1980,1982,1.1037922131698876
1981,1982,1.1037922131698876
1982,1982,1
1983,1982,1.0937208721296852
1984,1982,1.0903986972855368
1985,1982,1.0867647174527224
1986,1982,1.0649634433157162
1987,1982,1.0697721238464266
1988,1982,1.099683825125001
1989,1982,1.146370358673259
1990,1982,1.2328597005478954
1991,1982,1.1103742379883184
1992,1982,1.1096042804578876
1993,1982,1.2079032999295152
1994,1982,1.2389418272963342
1995,1982,1.0915131196761574
1996,1982,1.0650805277611939
1997,1982,1.0472283034294643
1998,1982,1.043937957390063
1999,1982,1.0341815277985629
2000,1982,1.0368453746401993
2001,1982,1.0379265443088241
2002,1982,1.0295377225964293
2003,1982,1.0310040888613647
2004,1982,1.0317398714758126
2005,1982,1.03634617017485
2006,1982,1.037798037663388
2007,1982,1.0407167690394892
2008,1982,1.0694505280081967
2009,1982,1.0232687670545302
2010,1982,1.0299212821626715
2011,1982,1.0449698305485993
2012,1982,1.0348341045519274
2013,1982,1.027433551887506
2014,1982,1.0228164387639684
2015,1982,1.015080896769836
2016,1982,1.0156897575492994
2017,1982,1.0241149869140294
1962,1983,1.0937208721296852
1963,1983,1.0937208721296852
1964,1983,1.0937208721296852
1965,1983,1.0937208721296852
1966,1983,1.0937208721296852
1967,1983,1.0937208721296852
1968,1983,1.0937208721296852
1969,1983,1.0937208721296852
1970,1983,1.0937208721296852
1971,1983,1.0937208721296852
1972,1983,1.0937208721296852
1973,1983,1.0937208721296852
1974,1983,1.0937208721296852
1975,1983,1.0937208721296852
1976,1983,1.0937208721296852
1977,1983,1.0937208721296852
1978,1983,1.0937208721296852
1979,1983,1.0937208721296852
1980,1983,1.0937208721296852
1981,1983,1.0937208721296852
1982,1983,1.0937208721296852
1983,1983,1
1984,1983,1.0903986972855368
1985,1983,1.0867647174527224
1986,1983,1.0649634433157162
1987,1983,1.0697721238464266
1988,1983,1.099683825125001
1989,1983,1.146370358673259
1990,1983,1.2328597005478954
1991,1983,1.1103742379883184
1992,1983,1.1096042804578876
1993,1983,1.2079032999295152
1994,1983,1.2389418272963342
1995,1983,1.0915131196761574
1996,1983,1.0650805277611939
1997,1983,1.0472283034294643
1998,1983,1.043937957390063
1999,1983,1.0341815277985629
2000,1983,1.0368453746401993
2001,1983,1.0379265443088241
2002,1983,1.0295377225964293
2003,1983,1.0310040888613647
2004,1983,1.0317398714758126
2005,1983,1.03634617017485
2006,1983,1.037798037663388
2007,1983,1.0407167690394892
2008,1983,1.0694505280081967
2009,1983,1.0232687670545302
2010,1983,1.0299212821626715
2011,1983,1.0449698305485993
2012,1983,1.0348341045519274
2013,1983,1.027433551887506
2014,1983,1.0228164387639684
2015,1983,1.015080896769836
2016,1983,1.0156897575492994
2017,1983,1.0241149869140294
1962,1984,1.0903986972855368
1963,1984,1.0903986972855368
1964,1984,1.0903986972855368
1965,1984,1.0903986972855368
1966,1984,1.0903986972855368
1967,1984,1.0903986972855368
1968,1984,1.0903986972855368
1969,1984,1.0903986972855368
1970,1984,1.0903986972855368
1971,1984,1.0903986972855368
1972,1984,1.0903986972855368
1973,1984,1.0903986972855368
1974,1984,1.0903986972855368
1975,1984,1.0903986972855368
1976,1984,1.0903986972855368
1977,1984,1.0903986972855368
1978,1984,1.0903986972855368
1979,1984,1.0903986972855368
1980,1984,1.0903986972855368
1981,1984,1.0903986972855368
1982,1984,1.0903986972855368
1983,1984,1.0903986972855368
1984,1984,1
1985,1984,1.0867647174527224
1986,1984,1.0649634433157162
1987,1984,1.0697721238464266
1988,1984,1.099683825125001
1989,1984,1.146370358673259
1990,1984,1.2328597005478954
1991,1984,1.1103742379883184
1992,1984,1.1096042804578876
1993,1984,1.2079032999295152
1994,1984,1.2389418272963342
1995,1984,1.0915131196761574
1996,1984,1.0650805277611939
1997,1984,1.0472283034294643
1998,1984,1.043937957390063
1999,1984,1.0341815277985629
2000,1984,1.0368453746401993
2001,1984,1.0379265443088241
2002,1984,1.0295377225964293
2003,1984,1.0310040888613647
2004,1984,1.0317398714758126
2005,1984,1.03634617017485
2006,1984,1.037798037663388
2007,1984,1.0407167690394892
2008,1984,1.0694505280081967
2009,1984,1.0232687670545302
2010,1984,1.0299212821626715
2011,1984,1.0449698305485993
2012,1984,1.0348341045519274
2013,1984,1.027433551887506
2014,1984,1.0228164387639684
2015,1984,1.015080896769836
2016,1984,1.0156897575492994
2017,1984,1.0241149869140294
1962,1985,1.0867647174527224
1963,1985,1.0867647174527224
1964,1985,1.0867647174527224
1965,1985,1.0867647174527224
1966,1985,1.0867647174527224
1967,1985,1.0867647174527224
1968,1985,1.0867647174527224
1969,1985,1.0867647174527224
1970,1985,1.0867647174527224
1971,1985,1.0867647174527224
1972,1985,1.0867647174527224
1973,1985,1.0867647174527224
1974,1985,1.0867647174527224
1975,1985,1.0867647174527224
1976,1985,1.0867647174527224
1977,1985,1.0867647174527224
1978,1985,1.0867647174527224
1979,1985,1.0867647174527224
1980,1985,1.0867647174527224
1981,1985,1.0867647174527224
1982,1985,1.0867647174527224
1983,1985,1.0867647174527224
1984,1985,1.0867647174527224
1985,1985,1
1986,1985,1.0649634433157162
1987,1985,1.0697721238464266
1988,1985,1.099683825125001
1989,1985,1.146370358673259
1990,1985,1.2328597005478954
1991,1985,1.1103742379883184
1992,1985,1.1096042804578876
1993,1985,1.2079032999295152
1994,1985,1.2389418272963342
1995,1985,1.0915131196761574
1996,1985,1.0650805277611939
1997,1985,1.0472283034294643
1998,1985,1.043937957390063
1999,1985,1.0341815277985629
2000,1985,1.0368453746401993
2001,1985,1.0379265443088241
2002,1985,1.0295377225964293
2003,1985,1.0310040888613647
2004,1985,1.0317398714758126
2005,1985,1.03634617017485
2006,1985,1.037798037663388
2007,1985,1.0407167690394892
2008,1985,1.0694505280081967
2009,1985,1.0232687670545302
2010,1985,1.0299212821626715
2011,1985,1.0449698305485993
2012,1985,1.0348341045519274
2013,1985,1.027433551887506
2014,1985,1.0228164387639684
2015,1985,1.015080896769836
2016,1985,1.0156897575492994
2017,1985,1.0241149869140294
1962,1986,1.0649634433157162
1963,1986,1.0649634433157162
1964,1986,1.0649634433157162
1965,1986,1.0649634433157162
1966,1986,1.0649634433157162
1967,1986,1.0649634433157162
1968,1986,1.0649634433157162
1969,1986,1.0649634433157162
1970,1986,1.0649634433157162
1971,1986,1.0649634433157162
1972,1986,1.0649634433157162
1973,1986,1.0649634433157162
1974,1986,1.0649634433157162
1975,1986,1.0649634433157162
1976,1986,1.0649634433157162
1977,1986,1.0649634433157162
1978,1986,1.0649634433157162
1979,1986,1.0649634433157162
1980,1986,1.0649634433157162
1981,1986,1.0649634433157162
1982,1986,1.0649634433157162
1983,1986,1.0649634433157162
1984,1986,1.0649634433157162
1985,1986,1.0649634433157162
1986,1986,1
1987,1986,1.0697721238464266
1988,1986,1.099683825125001
1989,1986,1.146370358673259
1990,1986,1.2328597005478954
1991,1986,1.1103742379883184
1992,1986,1.1096042804578876
1993,1986,1.2079032999295152
1994,1986,1.2389418272963342
1995,1986,1.0915131196761574
1996,1986,1.0650805277611939
1997,1986,1.0472283034294643
1998,1986,1.043937957390063
1999,1986,1.0341815277985629
2000,1986,1.0368453746401993
2001,1986,1.0379265443088241
2002,1986,1.0295377225964293
2003,1986,1.0310040888613647
2004,1986,1.0317398714758126
2005,1986,1.03634617017485
2006,1986,1.037798037663388
2007,1986,1.0407167690394892
2008,1986,1.0694505280081967
2009,1986,1.0232687670545302
2010,1986,1.0299212821626715
2011,1986,1.0449698305485993
2012,1986,1.0348341045519274
2013,1986,1.027433551887506
2014,1986,1.0228164387639684
2015,1986,1.015080896769836
2016,1986,1.0156897575492994
2017,1986,1.0241149869140294
1962,1987,1.0697721238464266
1963,1987,1.0697721238464266
1964,1987,1.0697721238464266
1965,1987,1.0697721238464266
1966,1987,1.0697721238464266
1967,1987,1.0697721238464266
1968,1987,1.0697721238464266
1969,1987,1.0697721238464266
1970,1987,1.0697721238464266
1971,1987,1.0697721238464266
1972,1987,1.0697721238464266
1973,1987,1.0697721238464266
1974,1987,1.0697721238464266
1975,1987,1.0697721238464266
1976,1987,1.0697721238464266
1977,1987,1.0697721238464266
1978,1987,1.0697721238464266
1979,1987,1.0697721238464266
1980,1987,1.0697721238464266
1981,1987,1.0697721238464266
1982,1987,1.0697721238464266
1983,1987,1.0697721238464266
1984,1987,1.0697721238464266
1985,1987,1.0697721238464266
1986,1987,1.0697721238464266
1987,1987,1
1988,1987,1.099683825125001
1989,1987,1.146370358673259
1990,1987,1.2328597005478954
1991,1987,1.1103742379883184
1992,1987,1.1096042804578876
1993,1987,1.2079032999295152
1994,1987,1.2389418272963342
1995,1987,1.0915131196761574
1996,1987,1.0650805277611939
1997,1987,1.0472283034294643
1998,1987,1.043937957390063
1999,1987,1.0341815277985629
2000,1987,1.0368453746401993
2001,1987,1.0379265443088241
2002,1987,1.0295377225964293
2003,1987,1.0310040888613647
2004,1987,1.0317398714758126
2005,1987,1.03634617017485
2006,1987,1.037798037663388
2007,1987,1.0407167690394892
2008,1987,1.0694505280081967
2009,1987,1.0232687670545302
2010,1987,1.0299212821626715
2011,1987,1.0449698305485993
2012,1987,1.0348341045519274
2013,1987,1.027433551887506
2014,1987,1.0228164387639684
2015,1987,1.015080896769836
2016,1987,1.0156897575492994
2017,1987,1.0241149869140294
1962,1988,1.099683825125001
1963,1988,1.099683825125001
1964,1988,1.099683825125001
1965,1988,1.099683825125001
1966,1988,1.099683825125001
1967,1988,1.099683825125001
1968,1988,1.099683825125001
1969,1988,1.099683825125001
1970,1988,1.099683825125001
1971,1988,1.099683825125001
1972,1988,1.099683825125001
1973,1988,1.099683825125001
1974,1988,1.099683825125001
1975,1988,1.099683825125001
1976,1988,1.099683825125001
1977,1988,1.099683825125001
1978,1988,1.099683825125001
1979,1988,1.099683825125001
1980,1988,1.099683825125001
1981,1988,1.099683825125001
1982,1988,1.099683825125001
1983,1988,1.099683825125001
1984,1988,1.099683825125001
1985,1988,1.099683825125001
1986,1988,1.099683825125001
1987,1988,1.099683825125001
1988,1988,1
1989,1988,1.146370358673259
1990,1988,1.2328597005478954
1991,1988,1.1103742379883184
1992,1988,1.1096042804578876
1993,1988,1.2079032999295152
1994,1988,1.2389418272963342
1995,1988,1.0915131196761574
1996,1988,1.0650805277611939
1997,1988,1.0472283034294643
1998,1988,1.043937957390063
1999,1988,1.0341815277985629
2000,1988,1.0368453746401993
2001,1988,1.0379265443088241
2002,1988,1.0295377225964293
2003,1988,1.0310040888613647
2004,1988,1.0317398714758126
2005,1988,1.03634617017485
2006,1988,1.037798037663388
2007,1988,1.0407167690394892
2008,1988,1.0694505280081967
2009,1988,1.0232687670545302
2010,1988,1.0299212821626715
2011,1988,1.0449698305485993
2012,1988,1.0348341045519274
2013,1988,1.027433551887506
2014,1988,1.0228164387639684
2015,1988,1.015080896769836
2016,1988,1.0156897575492994
2017,1988,1.0241149869140294
1962,1989,1.146370358673259
1963,1989,1.146370358673259
1964,1989,1.146370358673259
1965,1989,1.146370358673259
1966,1989,1.146370358673259
1967,1989,1.146370358673259
1968,1989,1.146370358673259
1969,1989,1.146370358673259
1970,1989,1.146370358673259
1971,1989,1.146370358673259
1972,1989,1.146370358673259
1973,1989,1.146370358673259
1974,1989,1.146370358673259
1975,1989,1.146370358673259
1976,1989,1.146370358673259
1977,1989,1.146370358673259
1978,1989,1.146370358673259
1979,1989,1.146370358673259
1980,1989,1.146370358673259
1981,1989,1.146370358673259
1982,1989,1.146370358673259
1983,1989,1.146370358673259
1984,1989,1.146370358673259
1985,1989,1.146370358673259
1986,1989,1.146370358673259
1987,1989,1.146370358673259
1988,1989,1.146370358673259
1989,1989,1
1990,1989,1.2328597005478954
1991,1989,1.1103742379883184
1992,1989,1.1096042804578876
1993,1989,1.2079032999295152
1994,1989,1.2389418272963342
1995,1989,1.0915131196761574
1996,1989,1.0650805277611939
1997,1989,1.0472283034294643
1998,1989,1.043937957390063
1999,1989,1.0341815277985629
2000,1989,1.0368453746401993
2001,1989,1.0379265443088241
2002,1989,1.0295377225964293
2003,1989,1.0310040888613647
2004,1989,1.0317398714758126
2005,1989,1.03634617017485
2006,1989,1.037798037663388
2007,1989,1.0407167690394892
2008,1989,1.0694505280081967
2009,1989,1.0232687670545302
2010,1989,1.0299212821626715
2011,1989,1.0449698305485993
2012,1989,1.0348341045519274
2013,1989,1.027433551887506
2014,1989,1.0228164387639684
2015,1989,1.015080896769836
2016,1989,1.0156897575492994
2017,1989,1.0241149869140294
1962,1990,1.2328597005478954
1963,1990,1.2328597005478954
1964,1990,1.2328597005478954
1965,1990,1.2328597005478954
1966,1990,1.2328597005478954
1967,1990,1.2328597005478954
1968,1990,1.2328597005478954
1969,1990,1.2328597005478954
1970,1990,1.2328597005478954
1971,1990,1.2328597005478954
1972,1990,1.2328597005478954
1973,1990,1.2328597005478954
1974,1990,1.2328597005478954
1975,1990,1.2328597005478954
1976,1990,1.2328597005478954
1977,1990,1.2328597005478954
1978,1990,1.2328597005478954
1979,1990,1.2328597005478954
1980,1990,1.2328597005478954
1981,1990,1.2328597005478954
1982,1990,1.2328597005478954
1983,1990,1.2328597005478954
1984,1990,1.2328597005478954
1985,1990,1.2328597005478954
1986,1990,1.2328597005478954
1987,1990,1.2328597005478954
1988,1990,1.2328597005478954
1989,1990,1.2328597005478954
1990,1990,1
1991,1990,1.1103742379883184
1992,1990,1.1096042804578876
1993,1990,1.2079032999295152
1994,1990,1.2389418272963342
1995,1990,1.0915131196761574
1996,1990,1.0650805277611939
1997,1990,1.0472283034294643
1998,1990,1.043937957390063
1999,1990,1.0341815277985629
2000,1990,1.0368453746401993
2001,1990,1.0379265443088241
2002,1990,1.0295377225964293
2003,1990,1.0310040888613647
2004,1990,1.0317398714758126
2005,1990,1.03634617017485
2006,1990,1.037798037663388
2007,1990,1.0407167690394892
2008,1990,1.0694505280081967
2009,1990,1.0232687670545302
2010,1990,1.0299212821626715
2011,1990,1.0449698305485993
2012,1990,1.0348341045519274
2013,1990,1.027433551887506
2014,1990,1.0228164387639684
2015,1990,1.015080896769836
2016,1990,1.0156897575492994
2017,1990,1.0241149869140294
1962,1991,1.1103742379883184
1963,1991,1.1103742379883184
1964,1991,1.1103742379883184
1965,1991,1.1103742379883184
1966,1991,1.1103742379883184
1967,1991,1.1103742379883184
1968,1991,1.1103742379883184
1969,1991,1.1103742379883184
1970,1991,1.1103742379883184
1971,1991,1.1103742379883184
1972,1991,1.1103742379883184
1973,1991,1.1103742379883184
1974,1991,1.1103742379883184
1975,1991,1.1103742379883184
1976,1991,1.1103742379883184
1977,1991,1.1103742379883184
1978,1991,1.1103742379883184
1979,1991,1.1103742379883184
1980,1991,1.1103742379883184
1981,1991,1.1103742379883184
1982,1991,1.1103742379883184
1983,1991,1.1103742379883184
1984,1991,1.1103742379883184
1985,1991,1.1103742379883184
1986,1991,1.1103742379883184
1987,1991,1.1103742379883184
1988,1991,1.1103742379883184
1989,1991,1.1103742379883184
1990,1991,1.1103742379883184
1991,1991,1
1992,1991,1.1096042804578876
1993,1991,1.2079032999295152
1994,1991,1.2389418272963342
1995,1991,1.0915131196761574
1996,1991,1.0650805277611939
1997,1991,1.0472283034294643
1998,1991,1.043937957390063
1999,1991,1.0341815277985629
2000,1991,1.0368453746401993
2001,1991,1.0379265443088241
2002,1991,1.0295377225964293
2003,1991,1.0310040888613647
2004,1991,1.0317398714758126
2005,1991,1.03634617017485
2006,1991,1.037798037663388
2007,1991,1.0407167690394892
2008,1991,1.0694505280081967
2009,1991,1.0232687670545302
2010,1991,1.0299212821626715
2011,1991,1.0449698305485993
2012,1991,1.0348341045519274
2013,1991,1.027433551887506
2014,1991,1.0228164387639684
2015,1991,1.015080896769836
2016,1991,1.0156897575492994
2017,1991,1.0241149869140294
1962,1992,1.1096042804578876
1963,1992,1.1096042804578876
1964,1992,1.1096042804578876
1965,1992,1.1096042804578876
1966,1992,1.1096042804578876
1967,1992,1.1096042804578876
1968,1992,1.1096042804578876
1969,1992,1.1096042804578876
1970,1992,1.1096042804578876
1971,1992,1.1096042804578876
1972,1992,1.1096042804578876
1973,1992,1.1096042804578876
1974,1992,1.1096042804578876
1975,1992,1.1096042804578876
1976,1992,1.1096042804578876
1977,1992,1.1096042804578876
1978,1992,1.1096042804578876
1979,1992,1.1096042804578876
1980,1992,1.1096042804578876
1981,1992,1.1096042804578876
1982,1992,1.1096042804578876
1983,1992,1.1096042804578876
1984,1992,1.1096042804578876
1985,1992,1.1096042804578876
1986,1992,1.1096042804578876
1987,1992,1.1096042804578876
1988,1992,1.1096042804578876
1989,1992,1.1096042804578876
1990,1992,1.1096042804578876
1991,1992,1.1096042804578876
1992,1992,1
1993,1992,1.2079032999295152
1994,1992,1.2389418272963342
1995,1992,1.0915131196761574
1996,1992,1.0650805277611939
1997,1992,1.0472283034294643
1998,1992,1.043937957390063
1999,1992,1.0341815277985629
2000,1992,1.0368453746401993
2001,1992,1.0379265443088241
2002,1992,1.0295377225964293
2003,1992,1.0310040888613647
2004,1992,1.0317398714758126
2005,1992,1.03634617017485
2006,1992,1.037798037663388
2007,1992,1.0407167690394892
2008,1992,1.0694505280081967
2009,1992,1.0232687670545302
2010,1992,1.0299212821626715
2011,1992,1.0449698305485993
2012,1992,1.0348341045519274
2013,1992,1.027433551887506
2014,1992,1.0228164387639684
2015,1992,1.015080896769836
2016,1992,1.0156897575492994
2017,1992,1.0241149869140294
1962,1993,1.2079032999295152
1963,1993,1.2079032999295152
1964,1993,1.2079032999295152
1965,1993,1.2079032999295152
1966,1993,1.2079032999295152
1967,1993,1.2079032999295152
1968,1993,1.2079032999295152
1969,1993,1.2079032999295152
1970,1993,1.2079032999295152
1971,1993,1.2079032999295152
1972,1993,1.2079032999295152
1973,1993,1.2079032999295152
1974,1993,1.2079032999295152
1975,1993,1.2079032999295152
1976,1993,1.2079032999295152
1977,1993,1.2079032999295152
1978,1993,1.2079032999295152
1979,1993,1.2079032999295152
1980,1993,1.2079032999295152
1981,1993,1.2079032999295152
1982,1993,1.2079032999295152
1983,1993,1.2079032999295152
1984,1993,1.2079032999295152
1985,1993,1.2079032999295152
1986,1993,1.2079032999295152
1987,1993,1.2079032999295152
1988,1993,1.2079032999295152
1989,1993,1.2079032999295152
1990,1993,1.2079032999295152
1991,1993,1.2079032999295152
1992,1993,1.2079032999295152
1993,1993,1
1994,1993,1.2389418272963342
1995,1993,1.0915131196761574
1996,1993,1.0650805277611939
1997,1993,1.0472283034294643
1998,1993,1.043937957390063
1999,1993,1.0341815277985629
2000,1993,1.0368453746401993
2001,1993,1.0379265443088241
2002,1993,1.0295377225964293
2003,1993,1.0310040888613647
2004,1993,1.0317398714758126
2005,1993,1.03634617017485
2006,1993,1.037798037663388
2007,1993,1.0407167690394892
2008,1993,1.0694505280081967
2009,1993,1.0232687670545302
2010,1993,1.0299212821626715
2011,1993,1.0449698305485993
2012,1993,1.0348341045519274
2013,1993,1.027433551887506
2014,1993,1.0228164387639684
2015,1993,1.015080896769836
2016,1993,1.0156897575492994
2017,1993,1.0241149869140294
1962,1994,1.2389418272963342
1963,1994,1.2389418272963342
1964,1994,1.2389418272963342
1965,1994,1.2389418272963342
1966,1994,1.2389418272963342
1967,1994,1.2389418272963342
1968,1994,1.2389418272963342
1969,1994,1.2389418272963342
1970,1994,1.2389418272963342
1971,1994,1.2389418272963342
1972,1994,1.2389418272963342
1973,1994,1.2389418272963342
1974,1994,1.2389418272963342
1975,1994,1.2389418272963342
1976,1994,1.2389418272963342
1977,1994,1.2389418272963342
1978,1994,1.2389418272963342
1979,1994,1.2389418272963342
1980,1994,1.2389418272963342
1981,1994,1.2389418272963342
1982,1994,1.2389418272963342
1983,1994,1.2389418272963342
1984,1994,1.2389418272963342
1985,1994,1.2389418272963342
1986,1994,1.2389418272963342
1987,1994,1.2389418272963342
1988,1994,1.2389418272963342
1989,1994,1.2389418272963342
1990,1994,1.2389418272963342
1991,1994,1.2389418272963342
1992,1994,1.2389418272963342
1993,1994,1.2389418272963342
1994,1994,1
1995,1994,1.0915131196761574
1996,1994,1.0650805277611939
1997,1994,1.0472283034294643
1998,1994,1.043937957390063
1999,1994,1.0341815277985629
2000,1994,1.0368453746401993
2001,1994,1.0379265443088241
2002,1994,1.0295377225964293
2003,1994,1.0310040888613647
2004,1994,1.0317398714758126
2005,1994,1.03634617017485
2006,1994,1.037798037663388
2007,1994,1.0407167690394892
2008,1994,1.0694505280081967
2009,1994,1.0232687670545302
2010,1994,1.0299212821626715
2011,1994,1.0449698305485993
2012,1994,1.0348341045519274
2013,1994,1.027433551887506
2014,1994,1.0228164387639684
2015,1994,1.015080896769836
2016,1994,1.0156897575492994
2017,1994,1.0241149869140294
1962,1995,1.0915131196761574
1963,1995,1.0915131196761574
1964,1995,1.0915131196761574
1965,1995,1.0915131196761574
1966,1995,1.0915131196761574
1967,1995,1.0915131196761574
1968,1995,1.0915131196761574
1969,1995,1.0915131196761574
1970,1995,1.0915131196761574
1971,1995,1.0915131196761574
1972,1995,1.0915131196761574
1973,1995,1.0915131196761574
1974,1995,1.0915131196761574
1975,1995,1.0915131196761574
1976,1995,1.0915131196761574
1977,1995,1.0915131196761574
1978,1995,1.0915131196761574
1979,1995,1.0915131196761574
1980,1995,1.0915131196761574
1981,1995,1.0915131196761574
1982,1995,1.0915131196761574
1983,1995,1.0915131196761574
1984,1995,1.0915131196761574
1985,1995,1.0915131196761574
1986,1995,1.0915131196761574
1987,1995,1.0915131196761574
1988,1995,1.0915131196761574
1989,1995,1.0915131196761574
1990,1995,1.0915131196761574
1991,1995,1.0915131196761574
1992,1995,1.0915131196761574
1993,1995,1.0915131196761574
1994,1995,1.0915131196761574
1995,1995,1
1996,1995,1.0650805277611939
1997,1995,1.0472283034294643
1998,1995,1.043937957390063
1999,1995,1.0341815277985629
2000,1995,1.0368453746401993
2001,1995,1.0379265443088241
2002,1995,1.0295377225964293
2003,1995,1.0310040888613647
2004,1995,1.0317398714758126
2005,1995,1.03634617017485
2006,1995,1.037798037663388
2007,1995,1.0407167690394892
2008,1995,1.0694505280081967
2009,1995,1.0232687670545302
2010,1995,1.0299212821626715
2011,1995,1.0449698305485993
2012,1995,1.0348341045519274
2013,1995,1.027433551887506
2014,1995,1.0228164387639684
2015,1995,1.015080896769836
2016,1995,1.0156897575492994
2017,1995,1.0241149869140294
1962,1996,1.0650805277611939
1963,1996,1.0650805277611939
1964,1996,1.0650805277611939
1965,1996,1.0650805277611939
1966,1996,1.0650805277611939
1967,1996,1.0650805277611939
1968,1996,1.0650805277611939
1969,1996,1.0650805277611939
1970,1996,1.0650805277611939
1971,1996,1.0650805277611939
1972,1996,1.0650805277611939
1973,1996,1.0650805277611939
1974,1996,1.0650805277611939
1975,1996,1.0650805277611939
1976,1996,1.0650805277611939
1977,1996,1.0650805277611939
1978,1996,1.0650805277611939
1979,1996,1.0650805277611939
1980,1996,1.0650805277611939
1981,1996,1.0650805277611939
1982,1996,1.0650805277611939
1983,1996,1.0650805277611939
1984,1996,1.0650805277611939
1985,1996,1.0650805277611939
1986,1996,1.0650805277611939
1987,1996,1.0650805277611939
1988,1996,1.0650805277611939
1989,1996,1.0650805277611939
1990,1996,1.0650805277611939
1991,1996,1.0650805277611939
1992,1996,1.0650805277611939
1993,1996,1.0650805277611939
1994,1996,1.0650805277611939
1995,1996,1.0650805277611939
1996,1996,1
1997,1996,1.0472283034294643
1998,1996,1.043937957390063
1999,1996,1.0341815277985629
2000,1996,1.0368453746401993
2001,1996,1.0379265443088241
2002,1996,1.0295377225964293
2003,1996,1.0310040888613647
2004,1996,1.0317398714758126
2005,1996,1.03634617017485
2006,1996,1.037798037663388
2007,1996,1.0407167690394892
2008,1996,1.0694505280081967
2009,1996,1.0232687670545302
2010,1996,1.0299212821626715
2011,1996,1.0449698305485993
2012,1996,1.0348341045519274
2013,1996,1.027433551887506
2014,1996,1.0228164387639684
2015,1996,1.015080896769836
2016,1996,1.0156897575492994
2017,1996,1.0241149869140294
1962,1997,1.0472283034294643
1963,1997,1.0472283034294643
1964,1997,1.0472283034294643
1965,1997,1.0472283034294643
1966,1997,1.0472283034294643
1967,1997,1.0472283034294643
1968,1997,1.0472283034294643
1969,1997,1.0472283034294643
1970,1997,1.0472283034294643
1971,1997,1.0472283034294643
1972,1997,1.0472283034294643
1973,1997,1.0472283034294643
1974,1997,1.0472283034294643
1975,1997,1.0472283034294643
1976,1997,1.0472283034294643
1977,1997,1.0472283034294643
1978,1997,1.0472283034294643
1979,1997,1.0472283034294643
1980,1997,1.0472283034294643
1981,1997,1.0472283034294643
1982,1997,1.0472283034294643
1983,1997,1.0472283034294643
1984,1997,1.0472283034294643
1985,1997,1.0472283034294643
1986,1997,1.0472283034294643
1987,1997,1.0472283034294643
1988,1997,1.0472283034294643
1989,1997,1.0472283034294643
1990,1997,1.0472283034294643
1991,1997,1.0472283034294643
1992,1997,1.0472283034294643
1993,1997,1.0472283034294643
1994,1997,1.0472283034294643
1995,1997,1.0472283034294643
1996,1997,1.0472283034294643
1997,1997,1
1998,1997,1.043937957390063
1999,1997,1.0341815277985629
2000,1997,1.0368453746401993
2001,1997,1.0379265443088241
2002,1997,1.0295377225964293
2003,1997,1.0310040888613647
2004,1997,1.0317398714758126
2005,1997,1.03634617017485
2006,1997,1.037798037663388
2007,1997,1.0407167690394892
2008,1997,1.0694505280081967
2009,1997,1.0232687670545302
2010,1997,1.0299212821626715
2011,1997,1.0449698305485993
2012,1997,1.0348341045519274
2013,1997,1.027433551887506
2014,1997,1.0228164387639684
2015,1997,1.015080896769836
2016,1997,1.0156897575492994
2017,1997,1.0241149869140294
1962,1998,1.043937957390063
1963,1998,1.043937957390063
1964,1998,1.043937957390063
1965,1998,1.043937957390063
1966,1998,1.043937957390063
1967,1998,1.043937957390063
1968,1998,1.043937957390063
1969,1998,1.043937957390063
1970,1998,1.043937957390063
1971,1998,1.043937957390063
1972,1998,1.043937957390063
1973,1998,1.043937957390063
1974,1998,1.043937957390063
1975,1998,1.043937957390063
1976,1998,1.043937957390063
1977,1998,1.043937957390063
1978,1998,1.043937957390063
1979,1998,1.043937957390063
1980,1998,1.043937957390063
1981,1998,1.043937957390063
1982,1998,1.043937957390063
1983,1998,1.043937957390063
1984,1998,1.043937957390063
1985,1998,1.043937957390063
1986,1998,1.043937957390063
1987,1998,1.043937957390063
1988,1998,1.043937957390063
1989,1998,1.043937957390063
1990,1998,1.043937957390063
1991,1998,1.043937957390063
1992,1998,1.043937957390063
1993,1998,1.043937957390063
1994,1998,1.043937957390063
1995,1998,1.043937957390063
1996,1998,1.043937957390063
1997,1998,1.043937957390063
1998,1998,1
1999,1998,1.0341815277985629
2000,1998,1.0368453746401993
2001,1998,1.0379265443088241
2002,1998,1.0295377225964293
2003,1998,1.0310040888613647
2004,1998,1.0317398714758126
2005,1998,1.03634617017485
2006,1998,1.037798037663388
2007,1998,1.0407167690394892
2008,1998,1.0694505280081967
2009,1998,1.0232687670545302
2010,1998,1.0299212821626715
2011,1998,1.0449698305485993
2012,1998,1.0348341045519274
2013,1998,1.027433551887506
2014,1998,1.0228164387639684
2015,1998,1.015080896769836
2016,1998,1.0156897575492994
2017,1998,1.0241149869140294
1962,1999,1.0341815277985629
1963,1999,1.0341815277985629
1964,1999,1.0341815277985629
1965,1999,1.0341815277985629
1966,1999,1.0341815277985629
1967,1999,1.0341815277985629
1968,1999,1.0341815277985629
1969,1999,1.0341815277985629
1970,1999,1.0341815277985629
1971,1999,1.0341815277985629
1972,1999,1.0341815277985629
1973,1999,1.0341815277985629
1974,1999,1.0341815277985629
1975,1999,1.0341815277985629
1976,1999,1.0341815277985629
1977,1999,1.0341815277985629
1978,1999,1.0341815277985629
1979,1999,1.0341815277985629
1980,1999,1.0341815277985629
1981,1999,1.0341815277985629
1982,1999,1.0341815277985629
1983,1999,1.0341815277985629
1984,1999,1.0341815277985629
1985,1999,1.0341815277985629
1986,1999,1.0341815277985629
1987,1999,1.0341815277985629
1988,1999,1.0341815277985629
1989,1999,1.0341815277985629
1990,1999,1.0341815277985629
1991,1999,1.0341815277985629
1992,1999,1.0341815277985629
1993,1999,1.0341815277985629
1994,1999,1.0341815277985629
1995,1999,1.0341815277985629
1996,1999,1.0341815277985629
1997,1999,1.0341815277985629
1998,1999,1.0341815277985629
1999,1999,1
2000,1999,1.0368453746401993
2001,1999,1.0379265443088241
2002,1999,1.0295377225964293
2003,1999,1.0310040888613647
2004,1999,1.0317398714758126
2005,1999,1.03634617017485
2006,1999,1.037798037663388
2007,1999,1.0407167690394892
2008,1999,1.0694505280081967
2009,1999,1.0232687670545302
2010,1999,1.0299212821626715
2011,1999,1.0449698305485993
2012,1999,1.0348341045519274
2013,1999,1.027433551887506
2014,1999,1.0228164387639684
2015,1999,1.015080896769836
2016,1999,1.0156897575492994
2017,1999,1.0241149869140294
1962,2000,1.0368453746401993
1963,2000,1.0368453746401993
1964,2000,1.0368453746401993
1965,2000,1.0368453746401993
1966,2000,1.0368453746401993
1967,2000,1.0368453746401993
1968,2000,1.0368453746401993
1969,2000,1.0368453746401993
1970,2000,1.0368453746401993
1971,2000,1.0368453746401993
1972,2000,1.0368453746401993
1973,2000,1.0368453746401993
1974,2000,1.0368453746401993
1975,2000,1.0368453746401993
1976,2000,1.0368453746401993
1977,2000,1.0368453746401993
1978,2000,1.0368453746401993
1979,2000,1.0368453746401993
1980,2000,1.0368453746401993
1981,2000,1.0368453746401993
1982,2000,1.0368453746401993
1983,2000,1.0368453746401993
1984,2000,1.0368453746401993
1985,2000,1.0368453746401993
1986,2000,1.0368453746401993
1987,2000,1.0368453746401993
1988,2000,1.0368453746401993
1989,2000,1.0368453746401993
1990,2000,1.0368453746401993
1991,2000,1.0368453746401993
1992,2000,1.0368453746401993
1993,2000,1.0368453746401993
1994,2000,1.0368453746401993
1995,2000,1.0368453746401993
1996,2000,1.0368453746401993
1997,2000,1.0368453746401993
1998,2000,1.0368453746401993
1999,2000,1.0368453746401993
2000,2000,1
2001,2000,1.0379265443088241
2002,2000,1.0295377225964293
2003,2000,1.0310040888613647
2004,2000,1.0317398714758126
2005,2000,1.03634617017485
2006,2000,1.037798037663388
2007,2000,1.0407167690394892
2008,2000,1.0694505280081967
2009,2000,1.0232687670545302
2010,2000,1.0299212821626715
2011,2000,1.0449698305485993
2012,2000,1.0348341045519274
2013,2000,1.027433551887506
2014,2000,1.0228164387639684
2015,2000,1.015080896769836
2016,2000,1.0156897575492994
2017,2000,1.0241149869140294
1962,2001,1.0379265443088241
1963,2001,1.0379265443088241
1964,2001,1.0379265443088241
1965,2001,1.0379265443088241
1966,2001,1.0379265443088241
1967,2001,1.0379265443088241
1968,2001,1.0379265443088241
1969,2001,1.0379265443088241
1970,2001,1.0379265443088241
1971,2001,1.0379265443088241
1972,2001,1.0379265443088241
1973,2001,1.0379265443088241
1974,2001,1.0379265443088241
1975,2001,1.0379265443088241
1976,2001,1.0379265443088241
1977,2001,1.0379265443088241
1978,2001,1.0379265443088241
1979,2001,1.0379265443088241
1980,2001,1.0379265443088241
1981,2001,1.0379265443088241
1982,2001,1.0379265443088241
1983,2001,1.0379265443088241
1984,2001,1.0379265443088241
1985,2001,1.0379265443088241
1986,2001,1.0379265443088241
1987,2001,1.0379265443088241
1988,2001,1.0379265443088241
1989,2001,1.0379265443088241
1990,2001,1.0379265443088241
1991,2001,1.0379265443088241
1992,2001,1.0379265443088241
1993,2001,1.0379265443088241
1994,2001,1.0379265443088241
1995,2001,1.0379265443088241
1996,2001,1.0379265443088241
1997,2001,1.0379265443088241
1998,2001,1.0379265443088241
1999,2001,1.0379265443088241
2000,2001,1.0379265443088241
2001,2001,1
2002,2001,1.0295377225964293
2003,2001,1.0310040888613647
2004,2001,1.0317398714758126
2005,2001,1.03634617017485
2006,2001,1.037798037663388
2007,2001,1.0407167690394892
2008,2001,1.0694505280081967
2009,2001,1.0232687670545302
2010,2001,1.0299212821626715
2011,2001,1.0449698305485993
2012,2001,1.0348341045519274
2013,2001,1.027433551887506
2014,2001,1.0228164387639684
2015,2001,1.015080896769836
2016,2001,1.0156897575492994
2017,2001,1.0241149869140294
1962,2002,1.0295377225964293
1963,2002,1.0295377225964293
1964,2002,1.0295377225964293
1965,2002,1.0295377225964293
1966,2002,1.0295377225964293
1967,2002,1.0295377225964293
1968,2002,1.0295377225964293
1969,2002,1.0295377225964293
1970,2002,1.0295377225964293
1971,2002,1.0295377225964293
1972,2002,1.0295377225964293
1973,2002,1.0295377225964293
1974,2002,1.0295377225964293
1975,2002,1.0295377225964293
1976,2002,1.0295377225964293
1977,2002,1.0295377225964293
1978,2002,1.0295377225964293
1979,2002,1.0295377225964293
1980,2002,1.0295377225964293
1981,2002,1.0295377225964293
1982,2002,1.0295377225964293
1983,2002,1.0295377225964293
1984,2002,1.0295377225964293
1985,2002,1.0295377225964293
1986,2002,1.0295377225964293
1987,2002,1.0295377225964293
1988,2002,1.0295377225964293
1989,2002,1.0295377225964293
1990,2002,1.0295377225964293
1991,2002,1.0295377225964293
1992,2002,1.0295377225964293
1993,2002,1.0295377225964293
1994,2002,1.0295377225964293
1995,2002,1.0295377225964293
1996,2002,1.0295377225964293
1997,2002,1.0295377225964293
1998,2002,1.0295377225964293
1999,2002,1.0295377225964293
2000,2002,1.0295377225964293
2001,2002,1.0295377225964293
2002,2002,1
2003,2002,1.0310040888613647
2004,2002,1.0317398714758126
2005,2002,1.03634617017485
2006,2002,1.037798037663388
2007,2002,1.0407167690394892
2008,2002,1.0694505280081967
2009,2002,1.0232687670545302
2010,2002,1.0299212821626715
2011,2002,1.0449698305485993
2012,2002,1.0348341045519274
2013,2002,1.027433551887506
2014,2002,1.0228164387639684
2015,2002,1.015080896769836
2016,2002,1.0156897575492994
2017,2002,1.0241149869140294
1962,2003,1.0310040888613647
1963,2003,1.0310040888613647
1964,2003,1.0310040888613647
1965,2003,1.0310040888613647
1966,2003,1.0310040888613647
1967,2003,1.0310040888613647
1968,2003,1.0310040888613647
1969,2003,1.0310040888613647
1970,2003,1.0310040888613647
1971,2003,1.0310040888613647
1972,2003,1.0310040888613647
1973,2003,1.0310040888613647
1974,2003,1.0310040888613647
1975,2003,1.0310040888613647
1976,2003,1.0310040888613647
1977,2003,1.0310040888613647
1978,2003,1.0310040888613647
1979,2003,1.0310040888613647
1980,2003,1.0310040888613647
1981,2003,1.0310040888613647
1982,2003,1.0310040888613647
1983,2003,1.0310040888613647
1984,2003,1.0310040888613647
1985,2003,1.0310040888613647
1986,2003,1.0310040888613647
1987,2003,1.0310040888613647
1988,2003,1.0310040888613647
1989,2003,1.0310040888613647
1990,2003,1.0310040888613647
1991,2003,1.0310040888613647
1992,2003,1.0310040888613647
1993,2003,1.0310040888613647
1994,2003,1.0310040888613647
1995,2003,1.0310040888613647
1996,2003,1.0310040888613647
1997,2003,1.0310040888613647
1998,2003,1.0310040888613647
1999,2003,1.0310040888613647
2000,2003,1.0310040888613647
2001,2003,1.0310040888613647
2002,2003,1.0310040888613647
2003,2003,1
2004,2003,1.0317398714758126
2005,2003,1.03634617017485
2006,2003,1.037798037663388
2007,2003,1.0407167690394892
2008,2003,1.0694505280081967
2009,2003,1.0232687670545302
2010,2003,1.0299212821626715
2011,2003,1.0449698305485993
2012,2003,1.0348341045519274
2013,2003,1.027433551887506
2014,2003,1.0228164387639684
2015,2003,1.015080896769836
2016,2003,1.0156897575492994
2017,2003,1.0241149869140294
1962,2004,1.0317398714758126
1963,2004,1.0317398714758126
1964,2004,1.0317398714758126
1965,2004,1.0317398714758126
1966,2004,1.0317398714758126
1967,2004,1.0317398714758126
1968,2004,1.0317398714758126
1969,2004,1.0317398714758126
1970,2004,1.0317398714758126
1971,2004,1.0317398714758126
1972,2004,1.0317398714758126
1973,2004,1.0317398714758126
1974,2004,1.0317398714758126
1975,2004,1.0317398714758126
1976,2004,1.0317398714758126
1977,2004,1.0317398714758126
1978,2004,1.0317398714758126
1979,2004,1.0317398714758126
1980,2004,1.0317398714758126
1981,2004,1.0317398714758126
1982,2004,1.0317398714758126
1983,2004,1.0317398714758126
1984,2004,1.0317398714758126
1985,2004,1.0317398714758126
1986,2004,1.0317398714758126
1987,2004,1.0317398714758126
1988,2004,1.0317398714758126
1989,2004,1.0317398714758126
1990,2004,1.0317398714758126
1991,2004,1.0317398714758126
1992,2004,1.0317398714758126
1993,2004,1.0317398714758126
1994,2004,1.0317398714758126
1995,2004,1.0317398714758126
1996,2004,1.0317398714758126
1997,2004,1.0317398714758126
1998,2004,1.0317398714758126
1999,2004,1.0317398714758126
2000,2004,1.0317398714758126
2001,2004,1.0317398714758126
2002,2004,1.0317398714758126
2003,2004,1.0317398714758126
2004,2004,1
2005,2004,1.03634617017485
2006,2004,1.037798037663388
2007,2004,1.0407167690394892
2008,2004,1.0694505280081967
2009,2004,1.0232687670545302
2010,2004,1.0299212821626715
2011,2004,1.0449698305485993
2012,2004,1.0348341045519274
2013,2004,1.027433551887506
2014,2004,1.0228164387639684
2015,2004,1.015080896769836
2016,2004,1.0156897575492994
2017,2004,1.0241149869140294
1962,2005,1.03634617017485
1963,2005,1.03634617017485
1964,2005,1.03634617017485
1965,2005,1.03634617017485
1966,2005,1.03634617017485
1967,2005,1.03634617017485
1968,2005,1.03634617017485
1969,2005,1.03634617017485
1970,2005,1.03634617017485
1971,2005,1.03634617017485
1972,2005,1.03634617017485
1973,2005,1.03634617017485
1974,2005,1.03634617017485
1975,2005,1.03634617017485
1976,2005,1.03634617017485
1977,2005,1.03634617017485
1978,2005,1.03634617017485
1979,2005,1.03634617017485
1980,2005,1.03634617017485
1981,2005,1.03634617017485
1982,2005,1.03634617017485
1983,2005,1.03634617017485
1984,2005,1.03634617017485
1985,2005,1.03634617017485
1986,2005,1.03634617017485
1987,2005,1.03634617017485
1988,2005,1.03634617017485
1989,2005,1.03634617017485
1990,2005,1.03634617017485
1991,2005,1.03634617017485
1992,2005,1.03634617017485
1993,2005,1.03634617017485
1994,2005,1.03634617017485
1995,2005,1.03634617017485
1996,2005,1.03634617017485
1997,2005,1.03634617017485
1998,2005,1.03634617017485
1999,2005,1.03634617017485
2000,2005,1.03634617017485
2001,2005,1.03634617017485
2002,2005,1.03634617017485
2003,2005,1.03634617017485
2004,2005,1.03634617017485
2005,2005,1
2006,2005,1.037798037663388
2007,2005,1.0407167690394892
2008,2005,1.0694505280081967
2009,2005,1.0232687670545302
2010,2005,1.0299212821626715
2011,2005,1.0449698305485993
2012,2005,1.0348341045519274
2013,2005,1.027433551887506
2014,2005,1.0228164387639684
2015,2005,1.015080896769836
2016,2005,1.0156897575492994
2017,2005,1.0241149869140294
1962,2006,1.037798037663388
1963,2006,1.037798037663388
1964,2006,1.037798037663388
1965,2006,1.037798037663388
1966,2006,1.037798037663388
1967,2006,1.037798037663388
1968,2006,1.037798037663388
1969,2006,1.037798037663388
1970,2006,1.037798037663388
1971,2006,1.037798037663388
1972,2006,1.037798037663388
1973,2006,1.037798037663388
1974,2006,1.037798037663388
1975,2006,1.037798037663388
1976,2006,1.037798037663388
1977,2006,1.037798037663388
1978,2006,1.037798037663388
1979,2006,1.037798037663388
1980,2006,1.037798037663388
1981,2006,1.037798037663388
1982,2006,1.037798037663388
1983,2006,1.037798037663388
1984,2006,1.037798037663388
1985,2006,1.037798037663388
1986,2006,1.037798037663388
1987,2006,1.037798037663388
1988,2006,1.037798037663388
1989,2006,1.037798037663388
1990,2006,1.037798037663388
1991,2006,1.037798037663388
1992,2006,1.037798037663388
1993,2006,1.037798037663388
1994,2006,1.037798037663388
1995,2006,1.037798037663388
1996,2006,1.037798037663388
1997,2006,1.037798037663388
1998,2006,1.037798037663388
1999,2006,1.037798037663388
2000,2006,1.037798037663388
2001,2006,1.037798037663388
2002,2006,1.037798037663388
2003,2006,1.037798037663388
2004,2006,1.037798037663388
2005,2006,1.037798037663388
2006,2006,1
2007,2006,1.0407167690394892
2008,2006,1.0694505280081967
2009,2006,1.0232687670545302
2010,2006,1.0299212821626715
2011,2006,1.0449698305485993
2012,2006,1.0348341045519274
2013,2006,1.027433551887506
2014,2006,1.0228164387639684
2015,2006,1.015080896769836
2016,2006,1.0156897575492994
2017,2006,1.0241149869140294
1962,2007,1.0407167690394892
1963,2007,1.0407167690394892
1964,2007,1.0407167690394892
1965,2007,1.0407167690394892
1966,2007,1.0407167690394892
1967,2007,1.0407167690394892
1968,2007,1.0407167690394892
1969,2007,1.0407167690394892
1970,2007,1.0407167690394892
1971,2007,1.0407167690394892
1972,2007,1.0407167690394892
1973,2007,1.0407167690394892
1974,2007,1.0407167690394892
1975,2007,1.0407167690394892
1976,2007,1.0407167690394892
1977,2007,1.0407167690394892
1978,2007,1.0407167690394892
1979,2007,1.0407167690394892
1980,2007,1.0407167690394892
1981,2007,1.0407167690394892
1982,2007,1.0407167690394892
1983,2007,1.0407167690394892
1984,2007,1.0407167690394892
1985,2007,1.0407167690394892
1986,2007,1.0407167690394892
1987,2007,1.0407167690394892
1988,2007,1.0407167690394892
1989,2007,1.0407167690394892
1990,2007,1.0407167690394892
1991,2007,1.0407167690394892
1992,2007,1.0407167690394892
1993,2007,1.0407167690394892
1994,2007,1.0407167690394892
1995,2007,1.0407167690394892
1996,2007,1.0407167690394892
1997,2007,1.0407167690394892
1998,2007,1.0407167690394892
1999,2007,1.0407167690394892
2000,2007,1.0407167690394892
2001,2007,1.0407167690394892
2002,2007,1.0407167690394892
2003,2007,1.0407167690394892
2004,2007,1.0407167690394892
2005,2007,1.0407167690394892
2006,2007,1.0407167690394892
2007,2007,1
2008,2007,1.0694505280081967
2009,2007,1.0232687670545302
2010,2007,1.0299212821626715
2011,2007,1.0449698305485993
2012,2007,1.0348341045519274
2013,2007,1.027433551887506
2014,2007,1.0228164387639684
2015,2007,1.015080896769836
2016,2007,1.0156897575492994
2017,2007,1.0241149869140294
1962,2008,1.0694505280081967
1963,2008,1.0694505280081967
1964,2008,1.0694505280081967
1965,2008,1.0694505280081967
1966,2008,1.0694505280081967
1967,2008,1.0694505280081967
1968,2008,1.0694505280081967
1969,2008,1.0694505280081967
1970,2008,1.0694505280081967
1971,2008,1.0694505280081967
1972,2008,1.0694505280081967
1973,2008,1.0694505280081967
1974,2008,1.0694505280081967
1975,2008,1.0694505280081967
1976,2008,1.0694505280081967
1977,2008,1.0694505280081967
1978,2008,1.0694505280081967
1979,2008,1.0694505280081967
1980,2008,1.0694505280081967
1981,2008,1.0694505280081967
1982,2008,1.0694505280081967
1983,2008,1.0694505280081967
1984,2008,1.0694505280081967
1985,2008,1.0694505280081967
1986,2008,1.0694505280081967
1987,2008,1.0694505280081967
1988,2008,1.0694505280081967
1989,2008,1.0694505280081967
1990,2008,1.0694505280081967
1991,2008,1.0694505280081967
1992,2008,1.0694505280081967
1993,2008,1.0694505280081967
1994,2008,1.0694505280081967
1995,2008,1.0694505280081967
1996,2008,1.0694505280081967
1997,2008,1.0694505280081967
1998,2008,1.0694505280081967
1999,2008,1.0694505280081967
2000,2008,1.0694505280081967
2001,2008,1.0694505280081967
2002,2008,1.0694505280081967
2003,2008,1.0694505280081967
2004,2008,1.0694505280081967
2005,2008,1.0694505280081967
2006,2008,1.0694505280081967
2007,2008,1.0694505280081967
2008,2008,1
2009,2008,1.0232687670545302
2010,2008,1.0299212821626715
2011,2008,1.0449698305485993
2012,2008,1.0348341045519274
2013,2008,1.027433551887506
2014,2008,1.0228164387639684
2015,2008,1.015080896769836
2016,2008,1.0156897575492994
2017,2008,1.0241149869140294
1962,2009,1.0232687670545302
1963,2009,1.0232687670545302
1964,2009,1.0232687670545302
1965,2009,1.0232687670545302
1966,2009,1.0232687670545302
1967,2009,1.0232687670545302
1968,2009,1.0232687670545302
1969,2009,1.0232687670545302
1970,2009,1.0232687670545302
1971,2009,1.0232687670545302
1972,2009,1.0232687670545302
1973,2009,1.0232687670545302
1974,2009,1.0232687670545302
1975,2009,1.0232687670545302
1976,2009,1.0232687670545302
1977,2009,1.0232687670545302
1978,2009,1.0232687670545302
1979,2009,1.0232687670545302
1980,2009,1.0232687670545302
1981,2009,1.0232687670545302
1982,2009,1.0232687670545302
1983,2009,1.0232687670545302
1984,2009,1.0232687670545302
1985,2009,1.0232687670545302
1986,2009,1.0232687670545302
1987,2009,1.0232687670545302
1988,2009,1.0232687670545302
1989,2009,1.0232687670545302
1990,2009,1.0232687670545302
1991,2009,1.0232687670545302
1992,2009,1.0232687670545302
1993,2009,1.0232687670545302
1994,2009,1.0232687670545302
1995,2009,1.0232687670545302
1996,2009,1.0232687670545302
1997,2009,1.0232687670545302
1998,2009,1.0232687670545302
1999,2009,1.0232687670545302
2000,2009,1.0232687670545302
2001,2009,1.0232687670545302
2002,2009,1.0232687670545302
2003,2009,1.0232687670545302
2004,2009,1.0232687670545302
2005,2009,1.0232687670545302
2006,2009,1.0232687670545302
2007,2009,1.0232687670545302
2008,2009,1.0232687670545302
2009,2009,1
2010,2009,1.0299212821626715
2011,2009,1.0449698305485993
2012,2009,1.0348341045519274
2013,2009,1.027433551887506
2014,2009,1.0228164387639684
2015,2009,1.015080896769836
2016,2009,1.0156897575492994
2017,2009,1.0241149869140294
1962,2010,1.0299212821626715
1963,2010,1.0299212821626715
1964,2010,1.0299212821626715
1965,2010,1.0299212821626715
1966,2010,1.0299212821626715
1967,2010,1.0299212821626715
1968,2010,1.0299212821626715
1969,2010,1.0299212821626715
1970,2010,1.0299212821626715
1971,2010,1.0299212821626715
1972,2010,1.0299212821626715
1973,2010,1.0299212821626715
1974,2010,1.0299212821626715
1975,2010,1.0299212821626715
1976,2010,1.0299212821626715
1977,2010,1.0299212821626715
1978,2010,1.0299212821626715
1979,2010,1.0299212821626715
1980,2010,1.0299212821626715
1981,2010,1.0299212821626715
1982,2010,1.0299212821626715
1983,2010,1.0299212821626715
1984,2010,1.0299212821626715
1985,2010,1.0299212821626715
1986,2010,1.0299212821626715
1987,2010,1.0299212821626715
1988,2010,1.0299212821626715
1989,2010,1.0299212821626715
1990,2010,1.0299212821626715
1991,2010,1.0299212821626715
1992,2010,1.0299212821626715
1993,2010,1.0299212821626715
1994,2010,1.0299212821626715
1995,2010,1.0299212821626715
1996,2010,1.0299212821626715
1997,2010,1.0299212821626715
1998,2010,1.0299212821626715
1999,2010,1.0299212821626715
2000,2010,1.0299212821626715
2001,2010,1.0299212821626715
2002,2010,1.0299212821626715
2003,2010,1.0299212821626715
2004,2010,1.0299212821626715
2005,2010,1.0299212821626715
2006,2010,1.0299212821626715
2007,2010,1.0299212821626715
2008,2010,1.0299212821626715
2009,2010,1.0299212821626715
2010,2010,1
2011,2010,1.0449698305485993
2012,2010,1.0348341045519274
2013,2010,1.027433551887506
2014,2010,1.0228164387639684
2015,2010,1.015080896769836
2016,2010,1.0156897575492994
2017,2010,1.0241149869140294
1962,2011,1.0449698305485993
1963,2011,1.0449698305485993
1964,2011,1.0449698305485993
1965,2011,1.0449698305485993
1966,2011,1.0449698305485993
1967,2011,1.0449698305485993
1968,2011,1.0449698305485993
1969,2011,1.0449698305485993
1970,2011,1.0449698305485993
1971,2011,1.0449698305485993
1972,2011,1.0449698305485993
1973,2011,1.0449698305485993
1974,2011,1.0449698305485993
1975,2011,1.0449698305485993
1976,2011,1.0449698305485993
1977,2011,1.0449698305485993
1978,2011,1.0449698305485993
1979,2011,1.0449698305485993
1980,2011,1.0449698305485993
1981,2011,1.0449698305485993
1982,2011,1.0449698305485993
1983,2011,1.0449698305485993
1984,2011,1.0449698305485993
1985,2011,1.0449698305485993
1986,2011,1.0449698305485993
1987,2011,1.0449698305485993
1988,2011,1.0449698305485993
1989,2011,1.0449698305485993
1990,2011,1.0449698305485993
1991,2011,1.0449698305485993
1992,2011,1.0449698305485993
1993,2011,1.0449698305485993
1994,2011,1.0449698305485993
1995,2011,1.0449698305485993
1996,2011,1.0449698305485993
1997,2011,1.0449698305485993
1998,2011,1.0449698305485993
1999,2011,1.0449698305485993
2000,2011,1.0449698305485993
2001,2011,1.0449698305485993
2002,2011,1.0449698305485993
2003,2011,1.0449698305485993
2004,2011,1.0449698305485993
2005,2011,1.0449698305485993
2006,2011,1.0449698305485993
2007,2011,1.0449698305485993
2008,2011,1.0449698305485993
2009,2011,1.0449698305485993
2010,2011,1.0449698305485993
2011,2011,1
2012,2011,1.0348341045519274
2013,2011,1.027433551887506
2014,2011,1.0228164387639684
2015,2011,1.015080896769836
2016,2011,1.0156897575492994
2017,2011,1.0241149869140294
1962,2012,1.0348341045519274
1963,2012,1.0348341045519274
1964,2012,1.0348341045519274
1965,2012,1.0348341045519274
1966,2012,1.0348341045519274
1967,2012,1.0348341045519274
1968,2012,1.0348341045519274
1969,2012,1.0348341045519274
1970,2012,1.0348341045519274
1971,2012,1.0348341045519274
1972,2012,1.0348341045519274
1973,2012,1.0348341045519274
1974,2012,1.0348341045519274
1975,2012,1.0348341045519274
1976,2012,1.0348341045519274
1977,2012,1.0348341045519274
1978,2012,1.0348341045519274
1979,2012,1.0348341045519274
1980,2012,1.0348341045519274
1981,2012,1.0348341045519274
1982,2012,1.0348341045519274
1983,2012,1.0348341045519274
1984,2012,1.0348341045519274
1985,2012,1.0348341045519274
1986,2012,1.0348341045519274
1987,2012,1.0348341045519274
1988,2012,1.0348341045519274
1989,2012,1.0348341045519274
1990,2012,1.0348341045519274
1991,2012,1.0348341045519274
1992,2012,1.0348341045519274
1993,2012,1.0348341045519274
1994,2012,1.0348341045519274
1995,2012,1.0348341045519274
1996,2012,1.0348341045519274
1997,2012,1.0348341045519274
1998,2012,1.0348341045519274
1999,2012,1.0348341045519274
2000,2012,1.0348341045519274
2001,2012,1.0348341045519274
2002,2012,1.0348341045519274
2003,2012,1.0348341045519274
2004,2012,1.0348341045519274
2005,2012,1.0348341045519274
2006,2012,1.0348341045519274
2007,2012,1.0348341045519274
2008,2012,1.0348341045519274
2009,2012,1.0348341045519274
2010,2012,1.0348341045519274
2011,2012,1.0348341045519274
2012,2012,1
2013,2012,1.027433551887506
2014,2012,1.0228164387639684
2015,2012,1.015080896769836
2016,2012,1.0156897575492994
2017,2012,1.0241149869140294
1962,2013,1.027433551887506
1963,2013,1.027433551887506
1964,2013,1.027433551887506
1965,2013,1.027433551887506
1966,2013,1.027433551887506
1967,2013,1.027433551887506
1968,2013,1.027433551887506
1969,2013,1.027433551887506
1970,2013,1.027433551887506
1971,2013,1.027433551887506
1972,2013,1.027433551887506
1973,2013,1.027433551887506
1974,2013,1.027433551887506
1975,2013,1.027433551887506
1976,2013,1.027433551887506
1977,2013,1.027433551887506
1978,2013,1.027433551887506
1979,2013,1.027433551887506
1980,2013,1.027433551887506
1981,2013,1.027433551887506
1982,2013,1.027433551887506
1983,2013,1.027433551887506
1984,2013,1.027433551887506
1985,2013,1.027433551887506
1986,2013,1.027433551887506
1987,2013,1.027433551887506
1988,2013,1.027433551887506
1989,2013,1.027433551887506
1990,2013,1.027433551887506
1991,2013,1.027433551887506
1992,2013,1.027433551887506
1993,2013,1.027433551887506
1994,2013,1.027433551887506
1995,2013,1.027433551887506
1996,2013,1.027433551887506
1997,2013,1.027433551887506
1998,2013,1.027433551887506
1999,2013,1.027433551887506
2000,2013,1.027433551887506
2001,2013,1.027433551887506
2002,2013,1.027433551887506
2003,2013,1.027433551887506
2004,2013,1.027433551887506
2005,2013,1.027433551887506
2006,2013,1.027433551887506
2007,2013,1.027433551887506
2008,2013,1.027433551887506
2009,2013,1.027433551887506
2010,2013,1.027433551887506
2011,2013,1.027433551887506
2012,2013,1.027433551887506
2013,2013,1
2014,2013,1.0228164387639684
2015,2013,1.015080896769836
2016,2013,1.0156897575492994
2017,2013,1.0241149869140294
1962,2014,1.0228164387639684
1963,2014,1.0228164387639684
1964,2014,1.0228164387639684
1965,2014,1.0228164387639684
1966,2014,1.0228164387639684
1967,2014,1.0228164387639684
1968,2014,1.0228164387639684
1969,2014,1.0228164387639684
1970,2014,1.0228164387639684
1971,2014,1.0228164387639684
1972,2014,1.0228164387639684
1973,2014,1.0228164387639684
1974,2014,1.0228164387639684
1975,2014,1.0228164387639684
1976,2014,1.0228164387639684
1977,2014,1.0228164387639684
1978,2014,1.0228164387639684
1979,2014,1.0228164387639684
1980,2014,1.0228164387639684
1981,2014,1.0228164387639684
1982,2014,1.0228164387639684
1983,2014,1.0228164387639684
1984,2014,1.0228164387639684
1985,2014,1.0228164387639684
1986,2014,1.0228164387639684
1987,2014,1.0228164387639684
1988,2014,1.0228164387639684
1989,2014,1.0228164387639684
1990,2014,1.0228164387639684
1991,2014,1.0228164387639684
1992,2014,1.0228164387639684
1993,2014,1.0228164387639684
1994,2014,1.0228164387639684
1995,2014,1.0228164387639684
1996,2014,1.0228164387639684
1997,2014,1.0228164387639684
1998,2014,1.0228164387639684
1999,2014,1.0228164387639684
2000,2014,1.0228164387639684
2001,2014,1.0228164387639684
2002,2014,1.0228164387639684
2003,2014,1.0228164387639684
2004,2014,1.0228164387639684
2005,2014,1.0228164387639684
2006,2014,1.0228164387639684
2007,2014,1.0228164387639684
2008,2014,1.0228164387639684
2009,2014,1.0228164387639684
2010,2014,1.0228164387639684
2011,2014,1.0228164387639684
2012,2014,1.0228164387639684
2013,2014,1.0228164387639684
2014,2014,1
2015,2014,1.015080896769836
2016,2014,1.0156897575492994
2017,2014,1.0241149869140294
1962,2015,1.015080896769836
1963,2015,1.015080896769836
1964,2015,1.015080896769836
1965,2015,1.015080896769836
1966,2015,1.015080896769836
1967,2015,1.015080896769836
1968,2015,1.015080896769836
1969,2015,1.015080896769836
1970,2015,1.015080896769836
1971,2015,1.015080896769836
1972,2015,1.015080896769836
1973,2015,1.015080896769836
1974,2015,1.015080896769836
1975,2015,1.015080896769836
1976,2015,1.015080896769836
1977,2015,1.015080896769836
1978,2015,1.015080896769836
1979,2015,1.015080896769836
1980,2015,1.015080896769836
1981,2015,1.015080896769836
1982,2015,1.015080896769836
1983,2015,1.015080896769836
1984,2015,1.015080896769836
1985,2015,1.015080896769836
1986,2015,1.015080896769836
1987,2015,1.015080896769836
1988,2015,1.015080896769836
1989,2015,1.015080896769836
1990,2015,1.015080896769836
1991,2015,1.015080896769836
1992,2015,1.015080896769836
1993,2015,1.015080896769836
1994,2015,1.015080896769836
1995,2015,1.015080896769836
1996,2015,1.015080896769836
1997,2015,1.015080896769836
1998,2015,1.015080896769836
1999,2015,1.015080896769836
2000,2015,1.015080896769836
2001,2015,1.015080896769836
2002,2015,1.015080896769836
2003,2015,1.015080896769836
2004,2015,1.015080896769836
2005,2015,1.015080896769836
2006,2015,1.015080896769836
2007,2015,1.015080896769836
2008,2015,1.015080896769836
2009,2015,1.015080896769836
2010,2015,1.015080896769836
2011,2015,1.015080896769836
2012,2015,1.015080896769836
2013,2015,1.015080896769836
2014,2015,1.015080896769836
2015,2015,1
2016,2015,1.0156897575492994
2017,2015,1.0241149869140294
1962,2016,1.0156897575492994
1963,2016,1.0156897575492994
1964,2016,1.0156897575492994
1965,2016,1.0156897575492994
1966,2016,1.0156897575492994
1967,2016,1.0156897575492994
1968,2016,1.0156897575492994
1969,2016,1.0156897575492994
1970,2016,1.0156897575492994
1971,2016,1.0156897575492994
1972,2016,1.0156897575492994
1973,2016,1.0156897575492994
1974,2016,1.0156897575492994
1975,2016,1.0156897575492994
1976,2016,1.0156897575492994
1977,2016,1.0156897575492994
1978,2016,1.0156897575492994
1979,2016,1.0156897575492994
1980,2016,1.0156897575492994
1981,2016,1.0156897575492994
1982,2016,1.0156897575492994
1983,2016,1.0156897575492994
1984,2016,1.0156897575492994
1985,2016,1.0156897575492994
1986,2016,1.0156897575492994
1987,2016,1.0156897575492994
1988,2016,1.0156897575492994
1989,2016,1.0156897575492994
1990,2016,1.0156897575492994
1991,2016,1.0156897575492994
1992,2016,1.0156897575492994
1993,2016,1.0156897575492994
1994,2016,1.0156897575492994
1995,2016,1.0156897575492994
1996,2016,1.0156897575492994
1997,2016,1.0156897575492994
1998,2016,1.0156897575492994
1999,2016,1.0156897575492994
2000,2016,1.0156897575492994
2001,2016,1.0156897575492994
2002,2016,1.0156897575492994
2003,2016,1.0156897575492994
2004,2016,1.0156897575492994
2005,2016,1.0156897575492994
2006,2016,1.0156897575492994
2007,2016,1.0156897575492994
2008,2016,1.0156897575492994
2009,2016,1.0156897575492994
2010,2016,1.0156897575492994
2011,2016,1.0156897575492994
2012,2016,1.0156897575492994
2013,2016,1.0156897575492994
2014,2016,1.0156897575492994
2015,2016,1.0156897575492994
2016,2016,1
2017,2016,1.0241149869140294
1962,2017,1.0241149869140294
1963,2017,1.0241149869140294
1964,2017,1.0241149869140294
1965,2017,1.0241149869140294
1966,2017,1.0241149869140294
1967,2017,1.0241149869140294
1968,2017,1.0241149869140294
1969,2017,1.0241149869140294
1970,2017,1.0241149869140294
1971,2017,1.0241149869140294
1972,2017,1.0241149869140294
1973,2017,1.0241149869140294
1974,2017,1.0241149869140294
1975,2017,1.0241149869140294
1976,2017,1.0241149869140294
1977,2017,1.0241149869140294
1978,2017,1.0241149869140294
1979,2017,1.0241149869140294
1980,2017,1.0241149869140294
1981,2017,1.0241149869140294
1982,2017,1.0241149869140294
1983,2017,1.0241149869140294
1984,2017,1.0241149869140294
1985,2017,1.0241149869140294
1986,2017,1.0241149869140294
1987,2017,1.0241149869140294
1988,2017,1.0241149869140294
1989,2017,1.0241149869140294
1990,2017,1.0241149869140294
1991,2017,1.0241149869140294
1992,2017,1.0241149869140294
1993,2017,1.0241149869140294
1994,2017,1.0241149869140294
1995,2017,1.0241149869140294
1996,2017,1.0241149869140294
1997,2017,1.0241149869140294
1998,2017,1.0241149869140294
1999,2017,1.0241149869140294
2000,2017,1.0241149869140294
2001,2017,1.0241149869140294
2002,2017,1.0241149869140294
2003,2017,1.0241149869140294
2004,2017,1.0241149869140294
2005,2017,1.0241149869140294
2006,2017,1.0241149869140294
2007,2017,1.0241149869140294
2008,2017,1.0241149869140294
2009,2017,1.0241149869140294
2010,2017,1.0241149869140294
2011,2017,1.0241149869140294
2012,2017,1.0241149869140294
2013,2017,1.0241149869140294
2014,2017,1.0241149869140294
2015,2017,1.0241149869140294
2016,2017,1.0241149869140294
2017,2017,1
1962,2018,1.025766776367942
1963,2018,1.025766776367942
1964,2018,1.025766776367942
1965,2018,1.025766776367942
1966,2018,1.025766776367942
1967,2018,1.025766776367942
1968,2018,1.025766776367942
1969,2018,1.025766776367942
1970,2018,1.025766776367942
1971,2018,1.025766776367942
1972,2018,1.025766776367942
1973,2018,1.025766776367942
1974,2018,1.025766776367942
1975,2018,1.025766776367942
1976,2018,1.025766776367942
1977,2018,1.025766776367942
1978,2018,1.025766776367942
1979,2018,1.025766776367942
1980,2018,1.025766776367942
1981,2018,1.025766776367942
1982,2018,1.025766776367942
1983,2018,1.025766776367942
1984,2018,1.025766776367942
1985,2018,1.025766776367942
1986,2018,1.025766776367942
1987,2018,1.025766776367942
1988,2018,1.025766776367942
1989,2018,1.025766776367942
1990,2018,1.025766776367942
1991,2018,1.025766776367942
1992,2018,1.025766776367942
1993,2018,1.025766776367942
1994,2018,1.025766776367942
1995,2018,1.025766776367942
1996,2018,1.025766776367942
1997,2018,1.025766776367942
1998,2018,1.025766776367942
1999,2018,1.025766776367942
2000,2018,1.025766776367942
2001,2018,1.025766776367942
2002,2018,1.025766776367942
2003,2018,1.025766776367942
2004,2018,1.025766776367942
2005,2018,1.025766776367942
2006,2018,1.025766776367942
2007,2018,1.025766776367942
2008,2018,1.025766776367942
2009,2018,1.025766776367942
2010,2018,1.025766776367942
2011,2018,1.025766776367942
2012,2018,1.025766776367942
2013,2018,1.025766776367942
2014,2018,1.025766776367942
2015,2018,1.025766776367942
2016,2018,1.025766776367942
2017,2018,1.025766776367942
